room	building	sort_order	date_disabled	created	modified
0.00	Unknown location	1		1996-12-05 00:00:00.000	2013-01-02 09:29:06.927
0.01	aaa.aa (absent) last  _seen_ at SFBR	2		1996-09-24 00:00:00.000	2013-01-02 09:29:06.927
0.02	JCC.AA (location indicating last location animal was _seen_, Juvenile Corral )	3		1996-09-24 00:00:00.000	2013-01-02 09:29:06.927
0.03	mia.aa (missing in action,animal has not been _seen_ for some time)	4		1996-09-24 00:00:00.000	2013-01-02 09:29:06.927
0.04	Unknown, outside of SFBR	5		1999-02-17 00:00:00.000	2013-01-02 09:29:06.927
1.00	Building 1, indoor/outdoor 34 pens	6	1996-09-24	1996-04-24 00:00:00.000	2013-08-01 14:28:28.380
1.01	Building 1, indoor/outdoor pen 1	7		1996-04-22 00:00:00.000	2013-08-07 15:23:00.143
1.02	Building 1, indoor/outdoor pen 2	8		1996-04-22 00:00:00.000	2013-08-07 15:23:00.143
1.03	Building 1, indoor/outdoor pen 3	9		1996-04-22 00:00:00.000	2013-08-07 15:23:00.143
1.04	Building 1, indoor/outdoor pen 4	10		1996-04-22 00:00:00.000	2013-08-07 15:23:00.143
1.05	Building 1, indoor/outdoor pen 5	11		1996-04-22 00:00:00.000	2013-08-07 15:23:00.143
1.06	Building 1, indoor/outdoor pen 6	12		1996-04-22 00:00:00.000	2013-08-07 15:23:00.143
1.07	Building 1, indoor/outdoor pen 7	13		1996-04-22 00:00:00.000	2013-08-07 15:23:00.143
1.08	Building 1, indoor/outdoor pen 8	14		1996-04-22 00:00:00.000	2013-08-07 15:23:00.143
1.09	Building 1, indoor/outdoor pen 9	15		1996-04-22 00:00:00.000	2013-08-07 15:23:00.143
1.10	Building 1, indoor/outdoor pen 10	16		1996-04-22 00:00:00.000	2013-08-07 15:23:00.143
1.11	Building 1, indoor/outdoor pen 11	17		1996-04-22 00:00:00.000	2013-08-07 15:23:00.143
1.12	Building 1, indoor/outdoor pen 12	18		1996-04-22 00:00:00.000	2013-08-07 15:23:00.143
1.13	Building 1, indoor/outdoor pen 13	19		1996-04-22 00:00:00.000	2013-08-07 15:23:00.143
1.14	Building 1, indoor/outdoor pen 14	20		1996-04-22 00:00:00.000	2013-08-07 15:23:00.143
1.15	Building 1, indoor/outdoor pen 15	21		1996-04-22 00:00:00.000	2013-08-07 15:23:00.143
1.16	Building 1, indoor/outdoor pen 16	22		1996-04-22 00:00:00.000	2013-08-07 15:23:00.143
1.17	Building 1, indoor/outdoor pen 17	23		1996-04-22 00:00:00.000	2013-08-07 15:23:00.143
1.18	Building 1, indoor/outdoor pen 18	24		1996-04-22 00:00:00.000	2013-08-07 15:23:00.143
1.19	Building 1, indoor/outdoor pen 19	25		1996-04-22 00:00:00.000	2013-08-07 15:23:00.143
1.20	Building 1, indoor/outdoor pen 20	26		1996-04-22 00:00:00.000	2013-08-07 15:23:00.143
1.21	Building 1, indoor/outdoor pen 21	27		1996-04-22 00:00:00.000	2013-08-07 15:23:00.143
1.22	Building 1, indoor/outdoor pen 22	28		1996-04-22 00:00:00.000	2013-08-07 15:23:00.143
1.23	Building 1, indoor/outdoor pen 23	29		1996-04-22 00:00:00.000	2013-08-07 15:23:00.143
1.24	Building 1, indoor/outdoor pen 24	30		1996-04-22 00:00:00.000	2013-08-07 15:23:00.143
1.25	Building 1, indoor/outdoor pen 25	31		1996-04-22 00:00:00.000	2013-08-07 15:23:00.143
1.26	Building 1, indoor/outdoor pen 26	32		1996-04-22 00:00:00.000	2013-08-07 15:23:00.143
1.27	Building 1, indoor/outdoor pen 27	33		1996-04-22 00:00:00.000	2013-08-07 15:23:00.143
1.28	Building 1, indoor/outdoor pen 28	34		1996-04-22 00:00:00.000	2013-08-07 15:23:00.143
1.29	Building 1, indoor/outdoor pen 29	35		1996-04-22 00:00:00.000	2013-08-07 15:23:00.143
1.30	Building 1, indoor/outdoor pen 30	36		1996-04-22 00:00:00.000	2013-08-07 15:23:00.143
1.31	Building 1, indoor/outdoor pen 31	37		1996-04-22 00:00:00.000	2013-08-07 15:23:00.143
1.32	Building 1, indoor/outdoor pen 32	38		1996-04-22 00:00:00.000	2013-08-07 15:23:00.143
1.33	Building 1, indoor/outdoor pen 33	39		1996-04-22 00:00:00.000	2013-08-07 15:23:00.143
1.34	Building 1, indoor/outdoor pen 34	40		1996-04-22 00:00:00.000	2013-08-07 15:23:00.143
2.00	Building 2	41		1996-01-01 00:00:00.000	2012-12-18 09:36:52.947
4.00	Building 4, sm nursery-front section 1968,closed->10.01	42		1996-01-01 00:00:00.000	2012-12-18 09:36:52.947
4.01	Building 4, bay 1	43		1999-05-27 00:00:00.000	2012-12-18 09:36:52.947
4.02	Building 4, bay2	44		1999-05-27 00:00:00.000	2012-12-18 09:36:52.947
4.03	Building 4, bay 3	45		1999-05-27 00:00:00.000	2012-12-18 09:36:52.947
5.00	Building 5, new nursery opened Jan. 1991	46	1996-11-08	1991-01-08 00:00:00.000	2012-12-18 09:36:52.947
5.03	Building 5, Bay 3	47		1996-11-08 00:00:00.000	2012-12-18 09:36:52.947
5.05	Building 5, Bay 5	48		1996-11-08 00:00:00.000	2012-12-18 09:36:52.947
5.07	Building 5, Bay 7	49		1996-11-08 00:00:00.000	2012-12-18 09:36:52.947
5.08	Building 5, Treatment Room	50		1996-11-08 00:00:00.000	2012-12-18 09:36:52.947
5.09	Building 5, Bay 9	51		1996-11-08 00:00:00.000	2012-12-18 09:36:52.947
5.10	Building 5, Bay 10	52		1996-11-08 00:00:00.000	2012-12-18 09:36:52.947
5.11	Building 5, Bay 11	53		1996-11-08 00:00:00.000	2012-12-18 09:36:52.947
5.13	Building 5, Bay 13, incubator room	54		1996-11-08 00:00:00.000	2012-12-18 09:36:52.947
5.15	Building 5, Bay 15, incubator room	55		1996-11-08 00:00:00.000	2012-12-18 09:36:52.947
6.00	Coates-Kerns Building, opened ~1979	56		1996-09-24 00:00:00.000	2012-12-18 09:36:52.947
6.01	Coates-Kerns Building, Bay 1	57		1996-01-01 00:00:00.000	2012-12-18 09:36:52.947
6.02	Coates-Kerns Building, Bay 2 BS2 level surgery + prep room	58		1996-01-01 00:00:00.000	2012-12-18 09:36:52.947
6.03	Coates-Kerns Building, Bay 3	59		1996-01-01 00:00:00.000	2012-12-18 09:36:52.947
6.04	Coates-Kerns Building, Bay 4	60		1996-01-01 00:00:00.000	2012-12-18 09:36:52.947
6.05	Coates-Kerns Building, Bay 5	61		1996-01-01 00:00:00.000	2012-12-18 09:36:52.947
6.06	Coates-Kerns Building, Bay 6	62		1996-01-01 00:00:00.000	2012-12-18 09:36:52.947
6.07	Coates-Kerns Building, Bay 7	63		1996-01-01 00:00:00.000	2012-12-18 09:36:52.947
6.08	Coates-Kerns Building, Bay 8	64	1996-09-24	1990-08-01 00:00:00.000	2012-12-18 09:36:52.947
6.09	Coates-Kerns Building, Necropsy Room	65		1996-01-01 00:00:00.000	2012-12-18 09:36:52.947
6.10	Coates-Kerns Building, Surgery Room	66		1996-01-01 00:00:00.000	2012-12-18 09:36:52.947
6.11	Coates-Kerns Building, NICU	67		1996-01-01 00:00:00.000	2012-12-18 09:36:52.947
6.12	Coates-Kerns Building, NICU, Day Room	68		1996-09-24 00:00:00.000	2012-12-18 09:36:52.947
7.00	Chimp Building, original building before bays	69		1998-01-01 00:00:00.000	2012-12-18 09:36:52.947
7.01	Chimp Building, indoor/outdoor cage 1	70		1996-01-01 00:00:00.000	2012-12-18 09:36:52.947
7.02	Chimp Building, indoor/outdoor cage 2	71		1996-01-01 00:00:00.000	2012-12-18 09:36:52.947
7.03	Chimp Building, indoor/outdoor cage 3	72		1996-01-01 00:00:00.000	2012-12-18 09:36:52.947
7.04	Chimp Building, indoor/outdoor cage 4	73		1996-01-01 00:00:00.000	2012-12-18 09:36:52.947
7.05	Chimp Building, indoor/outdoor cage 5	74		1996-01-01 00:00:00.000	2012-12-18 09:36:52.947
7.06	Chimp Building, indoor/outdoor cage 6	75		1996-01-01 00:00:00.000	2012-12-18 09:36:52.947
7.07	Chimp Building, indoor/outdoor cage 7	76		1996-01-01 00:00:00.000	2012-12-18 09:36:52.947
7.08	Chimp Building, indoor/outdoor cage 8	77		1996-01-01 00:00:00.000	2012-12-18 09:36:52.947
7.09	Chimp Building, indoor/outdoor cage 9	78		1996-01-01 00:00:00.000	2012-12-18 09:36:52.947
7.10	Chimp Building, indoor/outdoor cage 10	79		1996-01-01 00:00:00.000	2012-12-18 09:36:52.947
7.11	Chimp Building, indoor/outdoor cage 11	80		1996-01-01 00:00:00.000	2012-12-18 09:36:52.947
7.12	Chimp Building, indoor/outdoor cage 12	81		1996-01-01 00:00:00.000	2012-12-18 09:36:52.947
7.13	Chimp Building, indoor/outdoor cage 13	82		1996-01-01 00:00:00.000	2012-12-18 09:36:52.947
7.14	Chimp Building, indoor/outdoor cage 14	83		1996-01-01 00:00:00.000	2012-12-18 09:36:52.947
7.15	Chimp Building, Nursery	84		1996-01-01 00:00:00.000	2012-12-18 09:36:52.947
7.16	Chimp Building, Treatment Room/Juvenile Room	85		1996-01-01 00:00:00.000	2012-12-18 09:36:52.947
8.00	Building 8, first small structure, opened ~1975	86	1996-09-24	1979-12-31 00:00:00.000	2012-12-18 09:36:52.947
8.01	Building 8, Bay 1	87		1996-01-01 00:00:00.000	2012-12-18 09:36:52.947
8.02	Building 8, Bay 2	88		1996-01-01 00:00:00.000	2012-12-18 09:36:52.947
8.03	Building 8, Bay 3	89		1996-01-01 00:00:00.000	2012-12-18 09:36:52.947
8.04	Building 8, Bay 4	90		1996-01-01 00:00:00.000	2012-12-18 09:36:52.947
8.05	Building 8, Bay 5	91		1996-01-01 00:00:00.000	2012-12-18 09:36:52.947
8.06	Building 8, Bay 6	92		1996-01-01 00:00:00.000	2012-12-18 09:36:52.947
8.07	Building 8, Bay 7	93		1996-01-01 00:00:00.000	2012-12-18 09:36:52.947
8.08	Building 8, Bay 8	94		1996-01-01 00:00:00.000	2012-12-18 09:36:52.947
8.09	Building 8, Bay 9	95		1996-01-01 00:00:00.000	2012-12-18 09:36:52.947
8.10	Building 8, Bay 10	96		1996-01-01 00:00:00.000	2012-12-18 09:36:52.947
8.11	Building 8, Bay 11	97		1996-01-01 00:00:00.000	2012-12-18 09:36:52.947
8.12	Building 8, Bay 12	98		1996-01-01 00:00:00.000	2012-12-18 09:36:52.947
8.13	Building 8, Bay 13	99		1996-01-01 00:00:00.000	2012-12-18 09:36:52.947
8.14	Building 8, Bay 14	100		1996-01-01 00:00:00.000	2012-12-18 09:36:52.947
10.00	Hixson Building, first small structure built	101		1996-09-24 00:00:00.000	2012-12-18 09:36:52.947
10.01	Hixson Building, DLAM Hospital Bay 1	102		1996-01-01 00:00:00.000	2012-12-18 09:36:52.947
10.02	Hixson Building, DLAM Hospital Bay 2	103		1996-01-01 00:00:00.000	2012-12-18 09:36:52.947
10.03	Hixson Building, DLAM Hospital Bay 3	104		1996-01-01 00:00:00.000	2012-12-18 09:36:52.947
10.04	Hixson Building, DLAM Hospital Bay 4	105		1996-01-01 00:00:00.000	2012-12-18 09:36:52.947
10.05	Hixson Building, DLAM Hospital Bay 5	106		1996-09-24 00:00:00.000	2012-12-18 09:36:52.947
10.06	Hixson Building, DLAM treatment/surgery room	107		1996-09-24 00:00:00.000	2012-12-18 09:36:52.947
10.07	Hixson Building, DLAM Necropsy Room	108		1996-09-24 00:00:00.000	2012-12-18 09:36:52.947
15.00	Microbiology Building(dirty surgery)housed experiment animals 1979->1982,currently a virology lab-19	109	1982-07-20	1979-01-01 00:00:00.000	2013-01-18 10:29:12.113
16.01	Herff Building(S.W. END)housed experimental animals 1979->1986,currently office areas-1997	110	1986-09-02	1979-01-01 00:00:00.000	2013-01-18 10:29:12.130
17.01	Herff Building(N.E. END)"germ free"1981,currently a lab-1997	111	1981-11-10	1981-05-04 00:00:00.000	2013-01-18 10:29:12.140
18.00	DBES Small Primate Building-housed experimental animals 1981->1984,office area 6/90,Tech Publish+Pur	112	1984-08-29	1981-04-16 00:00:00.000	2013-01-18 10:29:12.150
19.00	NASA Air Chambers Building-housed experimental animals 1978->1983,currently Biomedical Ill.+Info Sys	113	1991-06-01	1983-01-01 00:00:00.000	2013-01-18 10:29:12.173
20.00	Diesel Emissions Building-housed experimental animals in 10/86	114	1986-10-20	1986-10-01 00:00:00.000	2013-01-18 10:29:12.183
22.00	Cox Building Addition (Bay 1 opened)1980->1986,bays 2,3,4,5 opened as building completed	115	1986-03-12	1980-11-19 00:00:00.000	2013-01-18 10:29:12.193
22.01	Cox Building Addition, Bay 1,1986->1996,currently a storeroom-1997	116	1996-02-05	1986-06-20 00:00:00.000	2013-01-18 10:29:12.217
22.02	Cox Building, Bay 2	117		1996-01-01 00:00:00.000	2013-01-18 10:29:12.227
22.03	Cox Building, Bay 3	118		1996-01-01 00:00:00.000	2013-01-18 10:29:12.237
22.04	Cox Building, Bay 4	119		1996-01-01 00:00:00.000	2013-01-18 10:29:12.250
22.05	Cox Building, Bay 5	120		1996-01-01 00:00:00.000	2013-01-18 10:29:12.267
23.01	Quarantine, Bay 1	121		1996-01-01 00:00:00.000	2012-12-18 09:36:52.947
23.02	Quarantine, Bay 2	122		1996-01-01 00:00:00.000	2012-12-18 09:36:52.947
23.03	Quarantine, Bay 3	123		1996-01-01 00:00:00.000	2012-12-18 09:36:52.947
23.04	Quarantine, Bay 4	124		1996-01-01 00:00:00.000	2012-12-18 09:36:52.947
23.05	Quarantine, Chimpanzee housing, Bay 5	125		1996-01-01 00:00:00.000	2012-12-18 09:36:52.947
23.06	Quarantine, Chimpanzee housing, Bay 6	126		1996-01-01 00:00:00.000	2012-12-18 09:36:52.947
23.07	Quarantine, Chimpanzee housing, Bay 7	127		1996-01-01 00:00:00.000	2012-12-18 09:36:52.947
23.08	Quarantine, Chimpanzee housing, Bay 8	128		1996-01-01 00:00:00.000	2012-12-18 09:36:52.947
23.09	Quarantine, Chimpanzee housing, Bay 9	129		1996-01-01 00:00:00.000	2012-12-18 09:36:52.947
23.10	Quarantine, Chimpanzee housing, Bay 10	130		1996-01-01 00:00:00.000	2012-12-18 09:36:52.947
23.11	Quarantine, Chimpanzee housing, Bay 11	131		1996-01-01 00:00:00.000	2012-12-18 09:36:52.947
23.12	Quarantine, Chimpanzee housing, Bay 12	132		1996-01-01 00:00:00.000	2012-12-18 09:36:52.947
23.13	Quarantine, Chimpanzee housing, Bay 13	133		1996-01-01 00:00:00.000	2012-12-18 09:36:52.947
23.14	Quarantine, Chimpanzee housing, Bay 14	134		1996-01-01 00:00:00.000	2012-12-18 09:36:52.947
23.15	Quarantine, Chimpanzee housing, Bay 15	135		1996-01-01 00:00:00.000	2012-12-18 09:36:52.947
23.16	Quarantine, Chimpanzee housing, Bay 16	136		1996-01-01 00:00:00.000	2012-12-18 09:36:52.947
23.17	Quarantine, Chimpanzee housing, Bay 17	137		1996-01-01 00:00:00.000	2012-12-18 09:36:52.947
23.18	Quarantine, Chimpanzee housing, Bay 18	138		1996-01-01 00:00:00.000	2012-12-18 09:36:52.947
23.99	bogus, temporary bay. srr	139		2006-03-27 00:00:00.000	2012-12-18 09:36:52.947
24.01	ABSL3 - Bay 1 (rm. 111)	140		1996-01-01 00:00:00.000	2012-12-18 09:36:52.947
24.02	ABSL3 - Bay 2 (rm. 110)	141		1996-01-01 00:00:00.000	2012-12-18 09:36:52.947
24.03	ABSL3 - Bay 3 (rm. 109)	142		1996-01-01 00:00:00.000	2012-12-18 09:36:52.947
24.04	ABSL3 - Bay 4 (rm. 108)	143		1996-01-01 00:00:00.000	2012-12-18 09:36:52.947
24.05	ABSL3 - Bay 5 (rm. 113)	144		2007-01-01 00:00:00.000	2012-12-18 09:36:52.947
24.06	ABSL3 - Bay 6 (rm. 114)	145		2007-01-01 00:00:00.000	2012-12-18 09:36:52.947
25.00	Feed and Records Storage Building	146		1997-11-18 00:00:00.000	2013-01-18 10:29:12.563
27.00	Building 27, Dougherty	147		1996-09-24 00:00:00.000	2013-01-18 10:29:12.583
27.01	Building 27, Dougherty, Lab, Room 01	148		1996-01-01 00:00:00.000	2013-01-18 10:29:12.593
27.02	Building 27, Dougherty, Storage, Room 02	149		1996-01-01 00:00:00.000	2013-01-18 10:29:12.600
27.03	Building 27, Dougherty, Moinodelphis, Room 03	150		2008-01-21 00:00:00.000	2012-12-18 09:36:52.947
27.04	Building 27, Dougherty, Moinodelphis, Room 04	151		2008-01-21 00:00:00.000	2012-12-18 09:36:52.947
27.05	Building 27, Dougherty, Moinodelphis, Room 05	152		2008-01-21 00:00:00.000	2012-12-18 09:36:52.947
27.06	Building 27, Dougherty, Moinodelphis, Room 06	153		2008-01-21 00:00:00.000	2012-12-18 09:36:52.947
27.07	Building 27, Dougherty, Marmosets, Room 07	154		1996-01-01 00:00:00.000	2012-12-18 09:36:52.947
27.08	Building 27, Dougherty, Storage Room 08	155		2008-01-21 00:00:00.000	2012-12-18 09:36:52.947
27.09	Building 27, Dougherty, Monodelphis, Room 09	156		2008-01-21 00:00:00.000	2012-12-18 09:36:52.947
27.10	Building 27, Dougherty, Monodelphis, Room 10	157		2005-08-23 00:00:00.000	2012-12-18 09:36:52.947
27.11	Building 27, Dougherty, Monodelphis, Room 11	158		2008-01-21 00:00:00.000	2012-12-18 09:36:52.947
27.12	Building 27, Dougherty, Monodelphis, Room 12	159		2008-01-21 00:00:00.000	2012-12-18 09:36:52.947
27.13	Building 27, Dougherty, Monodelphis, Room 13	160		2008-01-21 00:00:00.000	2012-12-18 09:36:52.947
27.14	Building 27, Dougherty, Monodelphis, Room 14	161		2008-01-21 00:00:00.000	2012-12-18 09:36:52.947
27.15	Building 27, Dougherty, Monodelphis, Room 15	162		2008-01-21 00:00:00.000	2012-12-18 09:36:52.947
27.16	Building 27, Dougherty, Monodelphis, Room 16	163		2008-01-21 00:00:00.000	2012-12-18 09:36:52.947
27.17	Building 27, Dougherty, Monodelphis, Room 17	164		2008-01-21 00:00:00.000	2012-12-18 09:36:52.947
27.18	Building 27, Dougherty, Monodelphis, Room 18	165		2008-01-21 00:00:00.000	2012-12-18 09:36:52.947
27.19	Building 27,  Dougherty, Monodelphis, Room 19	166		2008-01-21 00:00:00.000	2012-12-18 09:36:52.947
27.20	Building 27, Dougherty, Marmosets, Room 20	167		1996-01-01 00:00:00.000	2012-12-18 09:36:52.947
27.21	Building 27, Dougherty, Marmosets, Room 21	168		1996-01-01 00:00:00.000	2012-12-18 09:36:52.947
27.22	Building 27, Dougherty, Marmosets, Room 22	169		1996-01-01 00:00:00.000	2012-12-18 09:36:52.947
27.23	Building 27, Dougherty, Marmosets, Room 23	170		1996-01-01 00:00:00.000	2012-12-18 09:36:52.947
27.24	Building 27, Dougherty, Marmosets, Room 24	171		1996-01-01 00:00:00.000	2012-12-18 09:36:52.947
27.25	Building 27, Dougherty , Prep Room 25	172		2008-01-21 00:00:00.000	2012-12-18 09:36:52.947
27.26	Building 27, Dougherty Procedure Room 26	173		2008-01-21 00:00:00.000	2012-12-18 09:36:52.947
27.27	Building 27, Dougherty, Wash area 27, dirty side	174		2008-01-21 00:00:00.000	2012-12-18 09:36:52.947
27.28	Building 27, Dougherty, Wash area 28, clean side	175		2008-01-21 00:00:00.000	2012-12-18 09:36:52.947
27.29	Building 27, Dougherty, Storage Room 29	176		2008-01-21 00:00:00.000	2012-12-18 09:36:52.947
27.30	Building 27, Dougherty, Rodent Room 30	177		2008-01-21 00:00:00.000	2012-12-18 09:36:52.947
27.31	Building 27, Dougherty, Rodent Room 31	178		2008-01-21 00:00:00.000	2012-12-18 09:36:52.947
27.32	Building 27, Dougherty, Rodent Room 32	179		2008-01-21 00:00:00.000	2012-12-18 09:36:52.947
27.33	Building 27, Dougherty, Rodent Room 33	180		2008-01-21 00:00:00.000	2012-12-18 09:36:52.947
27.34	Building 27, Dougherty, Rodent Room 34	181		2008-01-21 00:00:00.000	2012-12-18 09:36:52.947
27.35	Building 27, Dougherty, Procedure Room 35	182		2008-01-21 00:00:00.000	2012-12-18 09:36:52.947
27.36	Building 27, Dougherty, Monodelphis Room 36	183		2008-01-21 00:00:00.000	2012-12-18 09:36:52.947
27.37	Building 27, Dougherty, Monodelphis Room 37	184		2008-01-21 00:00:00.000	2012-12-18 09:36:52.947
27.38	Building 27, Dougherty, Monodelphis Room 38	185		2008-01-21 00:00:00.000	2012-12-18 09:36:52.947
27.39	Building 27, Dougherty, Monodelphis Room 39	186		2008-01-21 00:00:00.000	2012-12-18 09:36:52.947
27.40	Building 27, Dougherty, Monodelphis Room 40	187		2008-01-21 00:00:00.000	2012-12-18 09:36:52.947
27.41	Building 27, Dougherty, Monodelphis Room 41	188		2008-01-21 00:00:00.000	2012-12-18 09:36:52.947
27.42	Building 27, Dougherty, Monodelphis Room 42	189		2008-01-21 00:00:00.000	2012-12-18 09:36:52.947
27.43	Building 27, Dougherty, Monodelphis Room 43	190		2008-01-21 00:00:00.000	2012-12-18 09:36:52.947
27.44	Building 27, Dougherty, Monodelphis Room 44	191		2008-01-21 00:00:00.000	2012-12-18 09:36:52.947
27.45	Building 27, Dougherty, Monodelphis Room 45	192		2008-01-21 00:00:00.000	2012-12-18 09:36:52.947
27.46	Building 27, Dougherty, Monodelphis Room 46	193		2008-01-21 00:00:00.000	2012-12-18 09:36:52.947
27.47	Building 27, Dougherty, Lab, Room 47 (former lab rm 120)	194		2008-01-21 00:00:00.000	2013-01-18 10:29:12.613
27.48	Building 27, Dougherty, Men's Restroom, Room 48	195		2008-01-21 00:00:00.000	2013-01-18 10:29:12.640
27.49	Building 27, Dougherty, Office, Room 49	196		2008-01-21 00:00:00.000	2013-01-18 10:29:12.647
27.50	Building 27, Dougherty, Women's Restroom, Room 50	197		2008-01-21 00:00:00.000	2013-01-18 10:29:12.653
27.51	Building 27, Dougherty, Office, Room 51	198		2008-01-21 00:00:00.000	2013-01-18 10:29:12.673
27.52	Building 27, Dougherty, Washer & Dryer, Room 52	199		2008-01-21 00:00:00.000	2013-01-18 10:29:12.687
27.53	Building 27, Dougherty, Boiler, Room 53	200		2008-01-21 00:00:00.000	2013-01-18 10:29:12.700
27.54	Building 27, Dougherty, Bedding Storage, Room 54	201		2008-01-21 00:00:00.000	2013-01-18 10:29:12.710
27.55	Building 27, Dougherty, Feed Cooler,  Room 55	202		2008-01-21 00:00:00.000	2013-01-18 10:29:12.720
28.00	Marsupial Building	203		1981-01-01 00:00:00.000	2012-12-18 09:36:52.947
28.01	Building 28, north wing, marmosets & tamarins	204		1996-01-01 00:00:00.000	2012-12-18 09:36:52.947
28.02	Building 28, south  wing, marmosets & tamarins	205		1996-01-01 00:00:00.000	2012-12-18 09:36:52.947
29.00	Goat Pen	206		1991-01-01 00:00:00.000	2013-01-18 10:29:12.727
30.01	Corn Cribs, Crib 1	207		1994-01-01 00:00:00.000	2013-01-18 10:29:12.733
30.02	Corn Cribs, Crib 2	208		1994-01-01 00:00:00.000	2013-01-18 10:29:12.743
30.03	Corn Cribs, Crib 3	209		1994-01-01 00:00:00.000	2013-01-18 10:29:12.750
30.04	Corn Cribs, Crib 4	210		1994-01-01 00:00:00.000	2013-01-18 10:29:12.757
31.01	Breeding Pens, Pen 1	211		1994-01-01 00:00:00.000	2012-12-18 09:36:52.947
31.02	Breeding Pens, Pen 2	212		1994-01-01 00:00:00.000	2012-12-18 09:36:52.947
31.03	Breeding Pens, Pen 3	213		1994-01-01 00:00:00.000	2012-12-18 09:36:52.947
31.04	Breeding Pens, Pen 4	214		1994-01-01 00:00:00.000	2012-12-18 09:36:52.947
31.05	Breeding Pens, Pen 5	215		1999-01-14 00:00:00.000	2012-12-18 09:36:52.947
31.06	Breeding Pens, Pen 6	216		1999-01-14 00:00:00.000	2012-12-18 09:36:52.947
31.07	Breeding Pens, Pen 7	217		1999-01-14 00:00:00.000	2012-12-18 09:36:52.947
31.08	Breeding Pens, Pen 8	218		1999-01-14 00:00:00.000	2012-12-18 09:36:52.947
35.01	Virology BSL4 Lab, Building 35, room 125	219		2003-08-01 00:00:00.000	2013-01-18 10:29:12.770
35.02	Virology BSL3 Lab, room 128	220		2004-08-18 00:00:00.000	2013-01-18 10:29:12.790
41.00	Building 41; Conditioning trailer for DI animals	221		2004-06-01 00:00:00.000	2012-12-18 09:36:52.947
100.00	Breeding Corral, Adult	222	1999-04-21	1996-01-01 00:00:00.000	2012-12-18 09:36:52.947
100.01	Breeding Corral, Adult	223		1999-03-29 00:00:00.000	2012-12-18 09:36:52.947
100.02	Breedng Corral, Adult,  holding area outside adult corral (100.01)	224		1999-04-21 00:00:00.000	2012-12-18 09:36:52.947
101.01	Area A  Gang Cage, Cage 1	225		1996-01-01 00:00:00.000	2013-01-18 10:29:12.803
101.02	Area A Gang Cage, Cage 2	226		1996-01-01 00:00:00.000	2013-01-18 10:29:12.810
101.03	Area A Gang Cage, Cage 3	227		1996-01-01 00:00:00.000	2013-01-18 10:29:12.817
101.04	Area A Gang Cage, Cage 4	228		1996-01-01 00:00:00.000	2013-01-18 10:29:12.820
101.05	Area A Gang Cage, Cage 5	229		1996-01-01 00:00:00.000	2013-01-18 10:29:12.830
101.06	Area A Gang Cage, Cage 6	230		1996-01-01 00:00:00.000	2013-01-18 10:29:12.833
101.07	Area A Gang Cage, Cage 7	231		1996-01-01 00:00:00.000	2013-01-18 10:29:12.840
101.08	Area A Gang Cage, Cage 8	232		1996-01-01 00:00:00.000	2013-01-18 10:29:12.853
101.09	Area A Gang Cage, Cage 9	233		1996-01-01 00:00:00.000	2013-01-18 10:29:12.860
101.10	Area A Gang Cage, Cage 10	234		1996-01-01 00:00:00.000	2013-01-18 10:29:12.870
101.11	Area A Gang Cage, Cage 11	235		1996-01-01 00:00:00.000	2013-01-18 10:29:12.877
101.12	Area A Gang Cage, Cage 12	236		1996-01-01 00:00:00.000	2013-01-18 10:29:12.900
102.01	Area B Gang Cage, Cage 1	237		1996-01-01 00:00:00.000	2012-12-18 09:36:52.947
102.02	Area B Gang Cage, Cage 2	238		1996-01-01 00:00:00.000	2012-12-18 09:36:52.947
102.03	Area B Gang Cage, Cage 3	239		1996-01-01 00:00:00.000	2012-12-18 09:36:52.947
102.04	Area B Gang Cage, Cage 4	240		1996-01-01 00:00:00.000	2012-12-18 09:36:52.947
102.05	Area B Gang Cage, Cage 5	241		1996-01-01 00:00:00.000	2012-12-18 09:36:52.947
102.06	Area B Gang Cage, Cage 6	242		1996-01-01 00:00:00.000	2012-12-18 09:36:52.947
102.07	Area B Gang Cage, Cage 7	243		1996-01-01 00:00:00.000	2012-12-18 09:36:52.947
102.08	Area B Gang Cage, Cage 8	244		1996-01-01 00:00:00.000	2012-12-18 09:36:52.947
102.09	Area B Gang Cage, Cage 9	245		1996-01-01 00:00:00.000	2012-12-18 09:36:52.947
102.10	Area B Gang Cage, Cage 10	246		1996-01-01 00:00:00.000	2012-12-18 09:36:52.947
102.11	Area B Gang Cage, Cage 11	247		1996-01-01 00:00:00.000	2012-12-18 09:36:52.947
102.12	Area B Gang Cage, Cage 12	248		1996-01-01 00:00:00.000	2012-12-18 09:36:52.947
102.13	Area B Gang Cage, Cage 13	249		1996-01-01 00:00:00.000	2012-12-18 09:36:52.947
102.14	Area B Gang Cage, Cage 14	250		1996-01-01 00:00:00.000	2012-12-18 09:36:52.947
102.15	Area B Gang Cage, Cage 15	251		1996-01-01 00:00:00.000	2012-12-18 09:36:52.947
102.16	Area B Gang Cage, Cage 16	252		1996-01-01 00:00:00.000	2012-12-18 09:36:52.947
103.01	Area C Gang Cage, Cage 1	253		1996-01-01 00:00:00.000	2012-12-18 09:36:52.947
103.02	Area C Gang Cage, Cage 2	254		1996-01-01 00:00:00.000	2012-12-18 09:36:52.947
103.03	Area C Gang Cage, Cage 3	255		1996-01-01 00:00:00.000	2012-12-18 09:36:52.947
103.04	Area C Gang Cage, Cage 4	256		1996-01-01 00:00:00.000	2012-12-18 09:36:52.947
103.05	Area C Gang Cage, Cage 5	257		1996-01-01 00:00:00.000	2012-12-18 09:36:52.947
103.06	Area C Gang Cage, Cage 6	258		1996-01-01 00:00:00.000	2012-12-18 09:36:52.947
103.07	Area C Gang Cage, Cage 7	259		1996-01-01 00:00:00.000	2012-12-18 09:36:52.947
103.08	Area C Gang Cage, Cage 8	260		1996-01-01 00:00:00.000	2012-12-18 09:36:52.947
103.09	Area C Gang Cage, Cage 9	261		1996-01-01 00:00:00.000	2012-12-18 09:36:52.947
103.10	Area C Gang Cage, Cage 10	262		1996-01-01 00:00:00.000	2012-12-18 09:36:52.947
103.11	Area C Gang Cage, Cage 11	263		1996-01-01 00:00:00.000	2012-12-18 09:36:52.947
103.12	Area C Gang Cage, Cage 12	264		1996-01-01 00:00:00.000	2012-12-18 09:36:52.947
103.13	Area C Gang Cage, Cage 13	265		1996-01-01 00:00:00.000	2012-12-18 09:36:52.947
103.14	Area C Gang Cage, Cage 14	266		1996-01-01 00:00:00.000	2012-12-18 09:36:52.947
103.15	Area C Gang Cage, Cage 15	267		1996-01-01 00:00:00.000	2012-12-18 09:36:52.947
103.16	Area C Gang Cage, Cage 16	268		1996-01-01 00:00:00.000	2012-12-18 09:36:52.947
103.17	Area C Gang Cage, Cage 17	269		1996-01-01 00:00:00.000	2012-12-18 09:36:52.947
103.18	Area C Gang Cage, Cage 18	270		1996-01-01 00:00:00.000	2012-12-18 09:36:52.947
103.19	Area C Gang Cage, Cage 19	271		1996-01-01 00:00:00.000	2012-12-18 09:36:52.947
103.20	Area C Gang Cage, Cage 20	272		1996-01-01 00:00:00.000	2012-12-18 09:36:52.947
103.21	Area C Gang Cage, Cage 21	273		1996-01-01 00:00:00.000	2012-12-18 09:36:52.947
103.22	Area C Gang Cage, Cage 22	274		1996-01-01 00:00:00.000	2012-12-18 09:36:52.947
103.23	Area C Gang Cage, Cage 23	275		1996-01-01 00:00:00.000	2012-12-18 09:36:52.947
103.24	Area C Gang Cage, Cage 24	276		1996-01-01 00:00:00.000	2012-12-18 09:36:52.947
103.25	Area C Gang Cage, Cage 25	277		1996-01-01 00:00:00.000	2012-12-18 09:36:52.947
103.26	Area C Gang Cage, Cage 26	278		1996-01-01 00:00:00.000	2012-12-18 09:36:52.947
103.27	Area C Gang Cage, Cage 27	279		1996-01-01 00:00:00.000	2012-12-18 09:36:52.947
103.28	Area C Gang Cage, Cage 28	280		1996-01-01 00:00:00.000	2012-12-18 09:36:52.947
103.29	Area C Gang Cage, Cage 29	281		1996-01-01 00:00:00.000	2012-12-18 09:36:52.947
103.30	Area C Gang Cage, Cage 30	282		1996-01-01 00:00:00.000	2012-12-18 09:36:52.947
103.31	Area C Gang Cage, Cage 31	283		1996-01-01 00:00:00.000	2012-12-18 09:36:52.947
103.32	Area C Gang Cage, Cage 32	284		1996-01-01 00:00:00.000	2012-12-18 09:36:52.947
103.33	Area C Gang Cage, Cage 33	285		1996-01-01 00:00:00.000	2012-12-18 09:36:52.947
103.34	Area C Gang Cage, Cage 34	286		1996-01-01 00:00:00.000	2012-12-18 09:36:52.947
103.35	Area C Gang Cage, Cage 35	287		1996-01-01 00:00:00.000	2012-12-18 09:36:52.947
103.36	Area C Gang Cage, Cage 36	288		1996-01-01 00:00:00.000	2012-12-18 09:36:52.947
103.37	Area C Gang Cage, Cage 37	289		1996-01-01 00:00:00.000	2012-12-18 09:36:52.947
103.38	Area C Gang Cage, Cage 38	290		1996-01-01 00:00:00.000	2012-12-18 09:36:52.947
103.39	Area C Gang Cage, Cage 39	291		1996-01-01 00:00:00.000	2012-12-18 09:36:52.947
103.40	Area C Gang Cage, Cage 40	292		1996-01-01 00:00:00.000	2012-12-18 09:36:52.947
104.01	Area D Gang Cage, Cage 1	293		1996-01-01 00:00:00.000	2012-12-18 09:36:52.947
104.02	Area D Gang Cage, Cage 2	294		1996-01-01 00:00:00.000	2012-12-18 09:36:52.947
104.03	Area D Gang Cage, Cage 3	295		1996-01-01 00:00:00.000	2012-12-18 09:36:52.947
104.04	Area D Gang Cage, Cage 4	296		1996-01-01 00:00:00.000	2012-12-18 09:36:52.947
104.05	Area D Gang Cage, Cage 5	297		1996-01-01 00:00:00.000	2012-12-18 09:36:52.947
104.06	Area D Gang Cage, Cage 6	298		1996-01-01 00:00:00.000	2012-12-18 09:36:52.947
104.07	Area D Gang Cage, Cage 7	299		1996-01-01 00:00:00.000	2012-12-18 09:36:52.947
104.08	Area D Gang Cage, Cage 8	300		1996-01-01 00:00:00.000	2012-12-18 09:36:52.947
104.09	Area D Gang Cage, Cage 9	301		1996-01-01 00:00:00.000	2012-12-18 09:36:52.947
104.10	Area D Gang Cage, Cage 10	302		1996-01-01 00:00:00.000	2012-12-18 09:36:52.947
104.11	Area D Gang Cage, Cage 11	303		1996-01-01 00:00:00.000	2012-12-18 09:36:52.947
104.12	Area D Gang Cage, Cage 12	304		1996-01-01 00:00:00.000	2012-12-18 09:36:52.947
104.13	Area D Gang Cage, Cage 13	305		1996-01-01 00:00:00.000	2012-12-18 09:36:52.947
104.14	Area D Gang Cage, Cage 14	306		1996-01-01 00:00:00.000	2012-12-18 09:36:52.947
104.15	Area D Gang Cage, Cage 15	307		1996-01-01 00:00:00.000	2012-12-18 09:36:52.947
104.16	Area D Gang Cage, Cage 16	308		1996-01-01 00:00:00.000	2012-12-18 09:36:52.947
104.17	Area D Gang Cage, Cage 17	309		1996-01-01 00:00:00.000	2012-12-18 09:36:52.947
104.18	Area D Gang Cage, Cage 18	310		1996-01-01 00:00:00.000	2012-12-18 09:36:52.947
104.19	Area D Gang Cage, Cage 19	311		1996-01-01 00:00:00.000	2012-12-18 09:36:52.947
104.20	Area D Gang Cage, Cage 20	312		1996-01-01 00:00:00.000	2012-12-18 09:36:52.947
104.21	Area D Gang Cage, Cage 21	313		1996-01-01 00:00:00.000	2012-12-18 09:36:52.947
104.22	Area D Gang Cage, Cage 22	314		1996-01-01 00:00:00.000	2012-12-18 09:36:52.947
105.00	Breeding Corral, Juvenile	315		1996-01-01 00:00:00.000	2012-12-18 09:36:52.947
106.01	Area E Gang Cage, Cage 1	316		1996-01-01 00:00:00.000	2012-12-18 09:36:52.947
106.02	Area E Gang Cage, Cage 2	317		1996-01-01 00:00:00.000	2012-12-18 09:36:52.947
106.03	Area E Gang Cage, Cage 3	318		1996-01-01 00:00:00.000	2012-12-18 09:36:52.947
106.04	Area E Gang Cage, Cage 4	319		1996-01-01 00:00:00.000	2012-12-18 09:36:52.947
106.05	Area E Gang Cage, Cage 5	320		1996-01-01 00:00:00.000	2012-12-18 09:36:52.947
106.06	Area EGang Cage, Cage 6	321		1996-01-01 00:00:00.000	2012-12-18 09:36:52.947
106.07	Area E Gang Cage, Cage 7	322		1996-01-01 00:00:00.000	2012-12-18 09:36:52.947
106.08	Area E Gang Cage, Cage 8	323		1996-01-01 00:00:00.000	2012-12-18 09:36:52.947
106.09	Area E Gang Cage, Cage 9	324		1996-01-01 00:00:00.000	2012-12-18 09:36:52.947
106.10	Area E Gang Cage, Cage 10	325		1996-01-01 00:00:00.000	2012-12-18 09:36:52.947
106.11	Area E Gang Cage, Cage 11	326		1996-01-01 00:00:00.000	2012-12-18 09:36:52.947
106.12	Area E Gang Cage, Cage 12	327		1996-01-01 00:00:00.000	2012-12-18 09:36:52.947
106.13	Area E Gang Cage, Cage 13	328		1996-01-01 00:00:00.000	2012-12-18 09:36:52.947
106.14	Area E Gang Cage, Cage 14	329		1996-01-01 00:00:00.000	2012-12-18 09:36:52.947
106.15	Area E Gang Cage, Cage 15	330		1996-01-01 00:00:00.000	2012-12-18 09:36:52.947
106.16	Area E Gang Cage, Cage 16	331		1996-01-01 00:00:00.000	2012-12-18 09:36:52.947
106.17	Area E Gang Cage, Cage 17	332		1996-01-01 00:00:00.000	2012-12-18 09:36:52.947
106.18	Area E Gang Cage, Cage 18	333		1996-01-01 00:00:00.000	2012-12-18 09:36:52.947
106.19	Area E Gang Cage, Cage 19	334		1996-01-01 00:00:00.000	2012-12-18 09:36:52.947
106.20	Area E Gang Cage, Cage 20	335		1996-01-01 00:00:00.000	2012-12-18 09:36:52.947
106.21	Area E Gang Cage, Cage 21	336		2003-10-12 08:00:00.000	2012-12-18 09:36:52.947
106.22	Area E Gang Cage, Cage 22	337		2003-10-12 08:00:00.000	2012-12-18 09:36:52.947
106.23	Area E Gang Cage, Cage 23	338		2003-10-12 08:00:00.000	2012-12-18 09:36:52.947
106.24	Area E Gang Cage, Cage 24	339		2003-10-12 08:00:00.000	2012-12-18 09:36:52.947
106.25	Area E Gang Cage, Cage 25	340		2003-10-12 08:00:00.000	2012-12-18 09:36:52.947
106.26	Area E Gang Cage, Cage 26	341		2003-10-12 08:00:00.000	2012-12-18 09:36:52.947
106.27	Area E Gang Cage, Cage 27	342		2003-10-12 08:00:00.000	2012-12-18 09:36:52.947
106.28	Area E Gang Cage, Cage 28	343		2003-10-12 08:00:00.000	2012-12-18 09:36:52.947
106.29	Area E Gang Cage, Cage 29	344		2003-10-12 08:00:00.000	2012-12-18 09:36:52.947
106.30	Area E Gang Cage, Cage 30	345		2003-10-12 08:00:00.000	2012-12-18 09:36:52.947
106.31	Area E Gang Cage, Cage 31	346		2003-10-12 08:00:00.000	2012-12-18 09:36:52.947
106.32	Area E Gang Cage, Cage 32	347		2003-10-12 08:00:00.000	2012-12-18 09:36:52.947
106.33	Area E Gang Cage, Cage 33	348		2003-10-12 08:00:00.000	2012-12-18 09:36:52.947
106.34	Area E Gang Cage, Cage 34	349		2003-10-12 08:00:00.000	2012-12-18 09:36:52.947
106.35	Area E Gang Cage, Cage 35	350		2003-10-12 08:00:00.000	2012-12-18 09:36:52.947
106.36	Area E Gang Cage, Cage 36	351		2003-10-12 08:00:00.000	2012-12-18 09:36:52.947
106.37	Area E Gang Cage, Cage 37	352		2003-10-12 08:00:00.000	2012-12-18 09:36:52.947
106.38	Area E Gang Cage, Cage 38	353		2003-10-12 08:00:00.000	2012-12-18 09:36:52.947
106.39	Area E Gang Cage, Cage 39	354		2003-10-12 08:00:00.000	2012-12-18 09:36:52.947
106.40	Area E Gang Cage, Cage 40	355		2003-10-12 08:00:00.000	2012-12-18 09:36:52.947
107.01	Cynomologus Breeding Colony, Building 107,  indoor/outdoor pen 1	356		1997-12-01 00:00:00.000	2014-09-23 08:00:58.580
107.02	Cynomologus Breeding Colony, Building 107, indoor/outdoor pen 2	357		1997-12-01 00:00:00.000	2014-09-23 08:00:58.580
107.03	Cynomologus Breeding Colony, Building 107,  indoor/outdoor pen 3	358		1997-12-01 00:00:00.000	2014-09-23 08:00:58.580
107.04	Cynomologus Breeding Colony, Building 107,  indoor/outdoor pen 4	359		1997-12-01 00:00:00.000	2014-09-23 08:00:58.580
107.05	Cynomologus Breeding Colony, Building 107,  indoor/outdoor pen 5	360		1997-12-01 00:00:00.000	2014-09-23 08:00:58.580
107.06	Cynomologus Breeding Colony, Building 107, indoor/outdoor pen 6	361		1997-12-01 00:00:00.000	2014-09-23 08:00:58.580
107.07	Cynomologus Breeding Colony, Building 107,  indoor/outdoor pen 7	362		1997-12-01 00:00:00.000	2014-09-23 08:00:58.580
107.08	Cynomologus Breeding Colony, Building 107,  indoor/outdoor pen 8	363		1997-12-01 00:00:00.000	2014-09-23 08:00:58.580
107.09	Cynomologus Breeding Colony, Building 107,  indoor/outdoor pen 9	364		1997-12-01 00:00:00.000	2014-09-23 08:00:58.580
107.10	Cynomologus Breeding Colony, Building 107, indoor/outdoor pen 10	365		1997-12-01 00:00:00.000	2014-09-23 08:00:58.580
107.11	Cynomologus Breeding Colony, Building 107,  indoor/outdoor pen 11	366		1997-12-01 00:00:00.000	2014-09-23 08:00:58.580
107.12	Cynomologus Breeding Colony, Building 107,  indoor/outdoor pen 12	367		1997-12-01 00:00:00.000	2014-09-23 08:00:58.580
107.13	Cynomologus Breeding Colony, Building 107,  indoor/outdoor pen 13	368		1997-12-01 00:00:00.000	2014-09-23 08:00:58.580
107.14	Cynomologus Breeding Colony, Building 107,  indoor/outdoor pen 14	369		1997-12-01 00:00:00.000	2014-09-23 08:00:58.580
108.01	Cynomologus Breeding Colony, Building 108, indoor/outdoor pen 1	370		1997-12-01 00:00:00.000	2012-12-18 09:36:52.947
108.02	Cynomologus Breeding Colony, Building 108, indoor/outdoor pen 2	371		1997-12-01 00:00:00.000	2013-11-19 11:24:46.373
108.03	Cynomologus Breeding Colony, Building 108, indoor/outdoor pen 3	372		1997-12-01 00:00:00.000	2013-11-19 11:24:36.737
108.04	Cynomologus Breeding Colony, Building 108, indoor/outdoor pen 4	373		1997-12-01 00:00:00.000	2013-11-19 11:24:31.210
108.05	Cynomologus Breeding Colony, Building 108, indoor/outdoor pen 5	374		1997-12-01 00:00:00.000	2013-11-19 07:06:37.427
108.06	Cynomologus Breeding Colony, Building 108, indoor/outdoor pen 6	375		1997-12-01 00:00:00.000	2013-11-19 07:06:45.653
108.07	Cynomologus Breeding Colony, Building 108, indoor/outdoor pen 7	376		1997-12-01 00:00:00.000	2013-10-03 14:31:58.253
108.08	Cynomologus Breeding Colony, Buiding 108, indoor/outdoor pen 8	377		1997-12-01 00:00:00.000	2013-11-19 07:06:11.450
108.09	Cynomologus Breeding Colony, Building 108, indoor/outdoor pen 9	378		1997-12-01 00:00:00.000	2013-11-19 07:06:29.073
108.10	Cynomologus Breeding Colony, Building 108, indoor/outdoor pen 10	379		1997-12-01 00:00:00.000	2013-11-19 11:24:11.387
108.11	Cynomologus Breeding Colony, Building 108, indoor/outdoor pen 11	380		1997-12-01 00:00:00.000	2013-11-19 11:24:16.433
108.12	Cynomologus Breeding Colony, Building 108, indoor/outdoor pen 12	381		1997-12-01 00:00:00.000	2013-11-19 11:24:25.753
108.13	Cynomologus Breeding Colony, Building 108, indoor/outdoor pen 13	382		1997-12-01 00:00:00.000	2013-11-19 07:05:56.527
108.14	Cynomologus Breeding Colony, Building 108, indoor/outdoor pen 14	383		1997-12-01 00:00:00.000	2013-11-19 07:06:20.620
108.15	Cynomologus Breeding Colony, Building 108, Treatment/Hospital	384		1997-12-01 00:00:00.000	2012-12-18 09:36:52.947
109.01	Cynomologus Breeding Colony, Building 109,  indoor/outdoor pen 1	385		1997-12-01 00:00:00.000	2012-12-18 09:36:52.947
109.02	Cynomologus Breeding Colony, Building 109,  indoor/outdoor pen 2	386		1997-12-01 00:00:00.000	2012-12-18 09:36:52.947
109.03	Cynomologus Breeding Colony, Building 109,  indoor/outdoor pen 3	387		1997-12-01 00:00:00.000	2012-12-18 09:36:52.947
109.04	Cynomologus Breeding Colony, Building 109,  indoor/outdoor pen 4	388		1997-12-01 00:00:00.000	2012-12-18 09:36:52.947
109.05	Cynomologus Breeding Colony, Building 109,  indoor/outdoor pen 5	389		1997-12-01 00:00:00.000	2012-12-18 09:36:52.947
109.06	Cynomologus Breeding Colony, Building 109,  indoor/outdoor pen 6	390		1997-12-01 00:00:00.000	2012-12-18 09:36:52.947
109.07	Cynomologus Breeding Colony, Building 109, indoor/outdoor pen 7	391		1997-12-01 00:00:00.000	2012-12-18 09:36:52.947
109.08	Cynomologus Breeding Colony, Building 109, indoor/outdoor pen 8	392		1997-12-01 00:00:00.000	2012-12-18 09:36:52.947
109.09	Cynomologus Breeding Colony, Building 109, indoor/outdoor pen 9	393		1997-12-01 00:00:00.000	2012-12-18 09:36:52.947
109.10	Cynomologus Breeding Colony, Building 109,  indoor/outdoor pen 10	394		1997-12-01 00:00:00.000	2012-12-18 09:36:52.947
109.11	Cynomologus Breeding Colony, Building 109,  indoor/outdoor pen 11	395		1997-12-01 00:00:00.000	2012-12-18 09:36:52.947
109.12	Cynomologus Breeding Colony, Building 109, indoor/outdoor pen 12	396		1997-12-01 00:00:00.000	2012-12-18 09:36:52.947
109.13	Cynomologus Breeding Colony, Building 109, indoor/outdoor pen 13	397		1997-12-01 00:00:00.000	2012-12-18 09:36:52.947
109.14	Cynomologus Breeding Colony, Building 109, indoor/outdoor pen 14	398		1997-12-01 00:00:00.000	2012-12-18 09:36:52.947
109.15	Cynomologus Breeding Colony, Building 109, Treatment/Hospital	399		1999-12-15 00:00:00.000	2012-12-18 09:36:52.947
110.01	SPF Breeding Colony, Building 110, indoor/outdoor pen 1	400		1997-12-01 00:00:00.000	2014-06-25 08:15:47.583
110.02	SPF Breeding Colony, Building 110, indoor/outdoor pen 2	401		1997-12-01 00:00:00.000	2014-06-25 08:15:51.400
110.03	SPF Breeding Colony, Building 110, indoor/outdoor pen 3	402		1997-12-01 00:00:00.000	2014-06-25 08:15:55.390
110.04	SPF Breeding Colony, Building 110, indoor/outdoor pen 4	403		1997-12-01 00:00:00.000	2014-06-25 08:15:59.697
110.05	SPF Breeding Colony, Building 110, indoor/outdoor pen 5	404		1997-12-01 00:00:00.000	2014-06-25 08:16:13.670
110.06	SPF Breeding Colony, Building 110, indoor/outdoor pen 6	405		1997-12-01 00:00:00.000	2014-06-25 08:16:19.800
110.07	SPF Breeding Colony, Building 110, indoor/outdoor pen 7	406		1997-12-01 00:00:00.000	2014-06-25 08:16:25.737
110.08	SPF Breeding Colony, Building 110, indoor/outdoor pen 8	407		1997-12-01 00:00:00.000	2014-06-25 08:16:30.010
110.09	SPF Breeding Colony, Building 110, indoor/outdoor pen 9	408		1997-12-01 00:00:00.000	2014-06-25 08:16:38.830
110.10	SPF Breeding Colony, Building 110, indoor/outdoor pen 10	409		1997-12-01 00:00:00.000	2014-06-25 08:16:46.440
110.11	SPF Breeding Colony, Building 110, indoor/outdoor pen 11	410		1997-12-01 00:00:00.000	2014-06-25 08:16:51.943
110.12	SPF Breeding Colony, Building 110, indoor/outdoor pen 12	411		1997-12-01 00:00:00.000	2014-06-25 08:16:57.457
110.13	SPF Breeding Colony, Building 110, indoor/outdoor pen 13	412		1997-12-01 00:00:00.000	2014-06-25 08:17:02.290
110.14	SPF Breeding Colony, Building 110, indoor/outdoor pen 14	413		1997-12-01 00:00:00.000	2014-06-25 08:17:06.883
111.01	Cynomologus Breeding Colony, Building 111, indoor/outdoor pen 1	414		1997-12-01 00:00:00.000	2015-03-25 09:53:52.770
111.02	Cynomologus Breeding Colony, Building 111, indoor/outdoor pen 2	415		1997-12-01 00:00:00.000	2015-03-25 09:53:52.770
111.03	Cynomologus Breeding Colony, Building 111, indoor/outdoor pen 3	416		1997-12-01 00:00:00.000	2015-03-25 09:53:52.770
111.04	Cynomologus Breeding Colony, Building 111, indoor/outdoor pen 4	417		1997-12-01 00:00:00.000	2015-03-25 09:53:52.770
111.05	Cynomologus Breeding Colony, Building 111, indoor/outdoor pen 5	418		1997-12-01 00:00:00.000	2015-03-25 09:53:52.770
111.06	Cynomologus Breeding Colony, Building 111, indoor/outdoor pen 6	419		1997-12-01 00:00:00.000	2015-03-25 09:53:52.770
111.07	Cynomologus Breeding Colony, Building 111, indoor/outdoor pen 7	420		1997-12-01 00:00:00.000	2015-03-25 09:53:52.770
111.08	Cynomologus Breeding Colony, Building 111, indoor/outdoor pen 8	421		1997-12-01 00:00:00.000	2015-03-25 09:53:52.770
111.09	Cynomologus Breeding Colony, Building 111, indoor/outdoor pen 9	422		1997-12-01 00:00:00.000	2015-03-25 09:53:52.770
111.10	Cynomologus Breeding Colony, Building 111, indoor/outdoor pen 10	423		1997-12-01 00:00:00.000	2015-03-25 09:53:52.770
111.11	Cynomologus Breeding Colony, Building 111, indoor/outdoor pen 11	424		1997-12-01 00:00:00.000	2015-03-25 09:53:52.770
111.12	Cynomologus Breeding Colony, Building 111, indoor/outdoor pen 12	425		1997-12-01 00:00:00.000	2015-03-25 09:53:52.770
111.13	Cynomologus Breeding Colony, Building 111, indoor/outdoor pen 13	426		1997-12-01 00:00:00.000	2015-03-25 09:53:52.770
111.14	Cynomologus Breeding Colony, Building 111, indoor/outdoor pen 14	427		1997-12-01 00:00:00.000	2015-03-25 09:53:52.770
111.15	Cynomologus Breeding Colony, Building 111, indoor/outdoor pen	428		2015-03-12 14:16:05.113	2015-03-12 14:17:49.037
111.16	Cynomologus Breeding Colony, Building 111, indoor/outdoor pen	429		2015-03-12 14:15:20.500	2015-03-12 14:17:49.037
111.17	Cynomologus Breeding Colony, Building 111, indoor/outdoor pen	430		2015-03-12 14:16:11.210	2015-03-12 14:17:49.037
111.18	Cynomologus Breeding Colony, Building 111, indoor/outdoor pen	431		2015-03-12 14:16:13.740	2015-03-12 14:17:49.037
111.19	Cynomologus Breeding Colony, Building 111, indoor/outdoor pen	432		2015-03-12 14:16:18.603	2015-03-12 14:17:49.037
111.20	Cynomologus Breeding Colony, Building 111, indoor/outdoor pen	433		2015-03-12 14:16:21.670	2015-03-12 14:17:49.037
111.21	Cynomologus Breeding Colony, Building 111, indoor/outdoor pen	434		2015-03-12 14:16:29.263	2015-03-12 14:17:49.037
111.22	Cynomologus Breeding Colony, Building 111, indoor/outdoor pen	435		2015-03-12 14:16:32.620	2015-03-12 14:17:49.037
111.23	Cynomologus Breeding Colony, Building 111, indoor/outdoor pen	436		2015-03-12 14:16:35.730	2015-03-12 14:17:49.037
111.24	Cynomologus Breeding Colony, Building 111, indoor/outdoor pen	437		2015-03-12 14:16:37.837	2015-03-12 14:17:49.037
111.25	Cynomologus Breeding Colony, Building 111, indoor/outdoor pen	438		2015-03-12 14:16:40.013	2015-03-12 14:17:49.037
111.26	Cynomologus Breeding Colony, Building 111, indoor/outdoor pen	439		2015-03-12 14:16:41.940	2015-03-12 14:17:49.037
111.27	Cynomologus Breeding Colony, Building 111, indoor/outdoor pen	440		2015-03-12 14:16:43.620	2015-03-12 14:17:49.037
111.28	Cynomologus Breeding Colony, Building 111, indoor/outdoor pen	441		2015-03-12 14:16:45.323	2015-03-12 14:17:49.037
111.29	Cynomologus Breeding Colony, Building 111, indoor/outdoor pen	442		2015-03-12 14:16:47.420	2015-03-12 14:17:49.037
112.01	Chimpanzee renovations	443		1997-12-01 00:00:00.000	2012-12-18 09:36:52.947
112.02	Chimpanzee renovations	444		1997-12-01 00:00:00.000	2012-12-18 09:36:52.947
112.03	Chimpanzee renovations	445		1997-12-01 00:00:00.000	2012-12-18 09:36:52.947
112.04	Chimpanzee renovations	446		1997-12-01 00:00:00.000	2012-12-18 09:36:52.947
112.05	Chimpanzee renovations	447		1997-12-01 00:00:00.000	2012-12-18 09:36:52.947
112.06	Chimpanzee renovations	448		1997-12-01 00:00:00.000	2012-12-18 09:36:52.947
112.07	Chimpanzee renovations	449		1997-12-01 00:00:00.000	2012-12-18 09:36:52.947
112.08	Chimpanzee renovations	450		1997-12-01 00:00:00.000	2012-12-18 09:36:52.947
112.09	Chimpanzee renovations	451		1997-12-01 00:00:00.000	2012-12-18 09:36:52.947
112.10	Chimpanzee renovations	452		1997-12-01 00:00:00.000	2012-12-18 09:36:52.947
112.11	Chimpanzee renovations	453		1997-12-01 00:00:00.000	2012-12-18 09:36:52.947
112.12	Chimpanzee renovations	454		1997-12-01 00:00:00.000	2012-12-18 09:36:52.947
112.13	Chimpanzee renovations	455		1997-12-01 00:00:00.000	2012-12-18 09:36:52.947
112.14	Chimpanzee renovations	456		1997-12-01 00:00:00.000	2012-12-18 09:36:52.947
113.01	Dog Kennel	457		2005-04-21 00:00:00.000	2012-12-18 09:36:52.947
114.01	Holding Area, pen 1	458		2002-12-30 00:00:00.000	2012-12-18 09:36:52.947
114.02	Holding Area, pen 2	459		2002-12-30 00:00:00.000	2012-12-18 09:36:52.947
114.03	Holding Area, pen 3	460		2002-12-30 00:00:00.000	2012-12-18 09:36:52.947
114.04	Holding Area, pen 4	461		2002-12-30 00:00:00.000	2012-12-18 09:36:52.947
114.05	Holding Area, pen 5	462		2002-12-30 00:00:00.000	2012-12-18 09:36:52.947
114.06	Holding Area, pen 6	463		2002-12-30 00:00:00.000	2012-12-18 09:36:52.947
114.07	Holding Area, pen 7	464		2002-12-30 00:00:00.000	2012-12-18 09:36:52.947
114.08	Holding Area, pen 8	465		2002-12-30 00:00:00.000	2012-12-18 09:36:52.947
114.09	Holding Area, pen 9	466		2002-12-30 00:00:00.000	2012-12-18 09:36:52.947
114.10	Holding Area, pen 10	467		2002-12-30 00:00:00.000	2012-12-18 09:36:52.947
114.11	Holding Area, pen 11	468		2002-12-30 00:00:00.000	2012-12-18 09:36:52.947
114.12	Holding Area, pen 12	469		2002-12-30 00:00:00.000	2012-12-18 09:36:52.947
114.13	Holding Area, pen 13	470		2002-12-30 00:00:00.000	2012-12-18 09:36:52.947
114.14	Holding Area, pen 14	471		2002-12-30 00:00:00.000	2012-12-18 09:36:52.947
114.15	Holding Area, pen 15	472		2002-12-30 00:00:00.000	2012-12-18 09:36:52.947
114.16	Holding Area, pen 16	473		2002-12-30 00:00:00.000	2012-12-18 09:36:52.947
114.17	Holding Area, pen 17	474		2002-12-30 00:00:00.000	2012-12-18 09:36:52.947
114.18	Holding Area, pen 18	475		2002-12-30 00:00:00.000	2012-12-18 09:36:52.947
114.19	Holding Area, pen 19	476		2002-12-30 00:00:00.000	2012-12-18 09:36:52.947
114.20	Holding Area, pen 20	477		2002-12-30 00:00:00.000	2012-12-18 09:36:52.947
114.21	Holding Area, pen 21	478		2002-12-30 00:00:00.000	2012-12-18 09:36:52.947
114.22	Holding Area, pen 22	479		2002-12-30 00:00:00.000	2012-12-18 09:36:52.947
114.23	Clinic	480		2002-12-30 00:00:00.000	2013-02-07 11:17:40.750
114.24	Holding Area, pen 24	481		2002-12-30 00:00:00.000	2013-01-18 10:29:12.917
115.06	Building 115, room 106	482		2005-06-16 00:00:00.000	2012-12-18 09:36:52.947
115.07	Building 115, room 107	483		2005-06-16 00:00:00.000	2012-12-18 09:36:52.947
115.08	Building 115, room 108	484		2005-06-16 00:00:00.000	2012-12-18 09:36:52.947
115.09	Building 115, room 109	485		2005-06-16 00:00:00.000	2012-12-18 09:36:52.947
115.10	Building 115, room 110	486		2005-06-16 00:00:00.000	2012-12-18 09:36:52.947
116.08	Building 116, room 108, marmoset modular	487		2005-12-19 00:00:00.000	2012-12-18 09:36:52.947
116.09	Building 116, room 109, marmoset modular	488		2005-12-19 00:00:00.000	2012-12-18 09:36:52.947
116.10	Building 116, room 110, marmoset modular	489		2005-12-19 00:00:00.000	2012-12-18 09:36:52.947
116.11	Building 116, room 111, marmoset modular	490		2005-12-19 00:00:00.000	2012-12-18 09:36:52.947
116.12	Building 116, room 112, marmoset modular	491		2005-12-19 00:00:00.000	2012-12-18 09:36:52.947
117.03	Building 117, room 03, marmoset production modular, right	492		2006-02-28 00:00:00.000	2012-12-18 09:36:52.947
117.04	Building 117, room 04, marmoset production modular, left	493		2006-02-28 00:00:00.000	2012-12-18 09:36:52.947
120.01	Primadome Long term chimp housing Cage 1	494		2004-09-08 00:00:00.000	2012-12-18 09:36:52.947
120.02	Primadome Long term chimp housing Cage 2	495		2004-09-08 00:00:00.000	2012-12-18 09:36:52.947
120.03	Primadome Long term chimp housing Cage 3	496		2004-09-08 00:00:00.000	2012-12-18 09:36:52.947
120.04	Primadome Long term chimp housing Cage 4	497		2004-09-08 00:00:00.000	2012-12-18 09:36:52.947
121.01	Primadome Long term chimp housing Cage 1	498		2004-09-08 00:00:00.000	2012-12-18 09:36:52.947
121.02	Primadome Long term chimp housing Cage 2	499		2004-09-08 00:00:00.000	2012-12-18 09:36:52.947
121.03	Primadome Long term chimp housing Cage 3	500		2004-09-08 00:00:00.000	2012-12-18 09:36:52.947
121.04	Primadome Long term chimp housing Cage 4	501		2004-09-08 00:00:00.000	2012-12-18 09:36:52.947
122.01	Primadome Long term chimp housing Cage 1	502		2004-09-08 00:00:00.000	2012-12-18 09:36:52.947
122.02	Primadome Long term chimp housing Cage 2	503		2004-09-08 00:00:00.000	2012-12-18 09:36:52.947
122.03	Primadome Long term chimp housing Cage 3	504		2004-09-08 00:00:00.000	2012-12-18 09:36:52.947
122.04	Primadome Long term chimp housing Cage 4	505		2004-09-08 00:00:00.000	2012-12-18 09:36:52.947
130.00	Building 130 - Rhesus SPF Clinic	506		2005-11-01 11:00:00.000	2012-12-19 15:54:05.177
131.01	Building 131.01 - Rhesus SPF indoor & outdoor group housing	507		2005-11-01 11:00:00.000	2012-12-19 15:50:35.987
131.02	Building 131.02 - Rhesus SPF indoor & outdoor group housing	508		2005-11-01 11:00:00.000	2012-12-19 15:50:35.987
131.03	Building 131.03 - Rhesus SPF indoor & outdoor group housing	509		2005-11-01 11:00:00.000	2012-12-19 15:50:35.987
131.04	Building 131.04 - Rhesus SPF indoor & outdoor group housing	510		2005-11-01 11:00:00.000	2012-12-19 15:50:35.987
131.05	Building 131.05 - Rhesus SPF indoor & outdoor group housing	511		2005-11-01 11:00:00.000	2012-12-19 15:50:35.987
131.06	Building 131.06 - Rhesus SPF indoor & outdoor group housing	512		2005-11-01 11:00:00.000	2012-12-19 15:50:35.987
131.07	Building 131.07 - Rhesus SPF indoor & outdoor group housing	513		2005-11-01 11:00:00.000	2012-12-19 15:50:35.987
131.08	Building 131.08 - Rhesus SPF indoor & outdoor group housing	514		2005-11-01 11:00:00.000	2012-12-19 15:50:35.987
131.09	Building 131.09 - Rhesus SPF indoor & outdoor group housing	515		2005-11-01 11:00:00.000	2012-12-19 15:50:35.987
131.10	Building 131.10 - Rhesus SPF indoor & outdoor group housing	516		2005-11-01 11:00:00.000	2012-12-19 15:50:35.987
131.11	Building 131.11 - Rhesus SPF indoor & outdoor group housing	517		2005-11-01 11:00:00.000	2012-12-19 15:50:35.987
131.12	Building 131.12 - Rhesus SPF indoor & outdoor group housing	518		2005-11-01 11:00:00.000	2012-12-19 15:50:35.987
131.13	Building 131.13 - Rhesus SPF indoor & outdoor group housing	519		2005-11-01 11:00:00.000	2012-12-19 15:50:35.987
131.14	Building 131.14 - Rhesus SPF indoor & outdoor group housing	520		2005-11-01 11:00:00.000	2012-12-19 15:50:35.987
132.01	Building 132.01 - Rhesus SPF indoor & outdoor group housing	521		2005-11-01 11:00:00.000	2013-01-02 09:25:34.677
132.02	Building 132.02 - Rhesus SPF indoor & outdoor group housing	522		2005-11-01 11:00:00.000	2013-01-02 09:25:34.677
132.03	Building 132.03 - Rhesus SPF indoor & outdoor group housing	523		2005-11-01 11:00:00.000	2013-01-02 09:25:34.677
132.04	Building 132.04 - Rhesus SPF indoor & outdoor group housing	524		2005-11-01 11:00:00.000	2013-01-02 09:25:34.677
132.05	Building 132.05 - Rhesus SPF indoor & outdoor group housing	525		2005-11-01 11:00:00.000	2013-01-02 09:25:34.677
132.06	Building 132.06 - Rhesus SPF indoor & outdoor group housing	526		2005-11-01 11:00:00.000	2013-01-02 09:25:34.677
132.07	Building 132.07 - Rhesus SPF indoor & outdoor group housing	527		2005-11-01 11:00:00.000	2013-01-02 09:25:34.677
132.08	Building 132.08 - Rhesus SPF indoor & outdoor group housing	528		2005-11-01 11:00:00.000	2013-01-02 09:25:34.677
132.09	Building 132.09 - Rhesus SPF indoor & outdoor group housing	529		2005-11-01 11:00:00.000	2013-01-02 09:25:34.677
132.10	Building 132.10 - Rhesus SPF indoor & outdoor group housing	530		2005-11-01 11:00:00.000	2013-01-02 09:25:34.677
132.11	Building 132.11 - Rhesus SPF indoor & outdoor group housing	531		2005-11-01 11:00:00.000	2013-01-02 09:25:34.677
132.12	Building 132.12 - Rhesus SPF indoor & outdoor group housing	532		2005-11-01 11:00:00.000	2013-01-02 09:25:34.677
132.13	Building 132.13 - Rhesus SPF indoor & outdoor group housing	533		2005-11-01 11:00:00.000	2013-01-02 09:25:34.677
132.14	Building 132.14 - Rhesus SPF indoor & outdoor group housing	534		2005-11-01 11:00:00.000	2013-01-02 09:25:34.677
133.01	Building 133.01 - Rhesus SPF indoor & outdoor group housing	535		2005-11-01 11:00:00.000	2013-01-02 09:25:34.677
133.02	Building 133.02 - Rhesus SPF indoor & outdoor group housing	536		2005-11-01 11:00:00.000	2013-01-02 09:25:34.677
133.03	Building 133.03 - Rhesus SPF indoor & outdoor group housing	537		2005-11-01 11:00:00.000	2013-01-02 09:25:34.677
133.04	Building 133.04 - Rhesus SPF indoor & outdoor group housing	538		2005-11-01 11:00:00.000	2013-01-02 09:25:34.677
133.05	Building 133.05 - Rhesus SPF indoor & outdoor group housing	539		2005-11-01 11:00:00.000	2013-01-02 09:25:34.677
133.06	Building 133.06 - Rhesus SPF indoor & outdoor group housing	540		2005-11-01 11:00:00.000	2013-01-02 09:25:34.677
133.07	Building 133.07 - Rhesus SPF indoor & outdoor group housing	541		2005-11-01 11:00:00.000	2013-01-02 09:25:34.677
133.08	Building 133.08 - Rhesus SPF indoor & outdoor group housing	542		2005-11-01 11:00:00.000	2013-01-02 09:25:34.677
133.09	Building 133.09 - Rhesus SPF indoor & outdoor group housing	543		2005-11-01 11:00:00.000	2013-01-02 09:25:34.677
133.10	Building 133.10 - Rhesus SPF indoor & outdoor group housing	544		2005-11-01 11:00:00.000	2013-01-02 09:25:34.677
133.11	Building 133.11 - Rhesus SPF indoor & outdoor group housing	545		2005-11-01 11:00:00.000	2013-01-02 09:25:34.677
133.12	Building 133.12 - Rhesus SPF indoor & outdoor group housing	546		2005-11-01 11:00:00.000	2013-01-02 09:25:34.677
133.13	Building 133.13 - Rhesus SPF indoor & outdoor group housing	547		2005-11-01 11:00:00.000	2013-01-02 09:25:34.677
133.14	Building 133.14 - Rhesus SPF indoor & outdoor group housing	548		2005-11-01 11:00:00.000	2013-01-02 09:25:34.677
134.01	Building 134.01 - Rhesus SPF indoor & outdoor group housing	549		2005-11-01 11:00:00.000	2013-01-02 09:25:34.677
134.02	Building 134.02 - Rhesus SPF indoor & outdoor group housing	550		2005-11-01 11:00:00.000	2013-01-02 09:25:34.677
134.03	Building 134.03 - Rhesus SPF indoor & outdoor group housing	551		2005-11-01 11:00:00.000	2013-01-02 09:25:34.677
134.04	Building 134.04 - Rhesus SPF indoor & outdoor group housing	552		2005-11-01 11:00:00.000	2013-01-02 09:25:34.677
134.05	Building 134.05 - Rhesus SPF indoor & outdoor group housing	553		2005-11-01 11:00:00.000	2013-01-02 09:25:34.677
134.06	Building 134.06 - Rhesus SPF indoor & outdoor group housing	554		2005-11-01 11:00:00.000	2013-01-02 09:25:34.677
134.07	Building 134.07 - Rhesus SPF indoor & outdoor group housing	555		2005-11-01 11:00:00.000	2013-01-02 09:25:34.677
134.08	Building 134.08 - Rhesus SPF indoor & outdoor group housing	556		2005-11-01 11:00:00.000	2013-01-02 09:25:34.677
134.09	Building 134.09 - Rhesus SPF indoor & outdoor group housing	557		2005-11-01 11:00:00.000	2013-01-02 09:25:34.677
134.10	Building 134.10 - Rhesus SPF indoor & outdoor group housing	558		2005-11-01 11:00:00.000	2013-01-02 09:25:34.677
134.11	Building 134.11 - Rhesus SPF indoor & outdoor group housing	559		2005-11-01 11:00:00.000	2013-01-02 09:25:34.677
134.12	Building 134.12 - Rhesus SPF indoor & outdoor group housing	560		2005-11-01 11:00:00.000	2013-01-02 09:25:34.677
134.13	Building 134.13 - Rhesus SPF indoor & outdoor group housing	561		2005-11-01 11:00:00.000	2013-01-02 09:25:34.677
134.14	Building 134.14 - Rhesus SPF indoor & outdoor group housing	562		2005-11-01 11:00:00.000	2013-01-02 09:25:34.677
150.01	Brooks AFB, Bldg 150 Cage 1	563		2001-06-01 00:00:00.000	2013-01-03 05:16:03.777
150.02	Brooks AFB, Cage 2	564		2001-06-01 00:00:00.000	2013-01-03 05:16:03.777
150.03	Brooks AFB, Cage 3	565		2001-06-01 00:00:00.000	2013-01-03 05:16:03.777
150.04	Brooks AFB, Cage 4	566		2001-06-01 00:00:00.000	2013-01-03 05:16:03.777
150.05	Brooks AFB, Cage 5	567		2001-06-01 00:00:00.000	2013-01-03 05:16:03.777
150.06	Brooks AFB, Cage 6	568		2001-06-01 00:00:00.000	2013-01-03 05:16:03.777
150.07	Brooks AFB, Cage 7	569		2001-06-01 00:00:00.000	2013-01-03 05:16:03.777
151.00	Brooks AFB, Clinic	570		2001-06-01 00:00:00.000	2013-01-03 05:13:14.977
151.01	Brooks AFB, Clinic Bay 1	571		2001-06-01 00:00:00.000	2013-01-03 05:13:14.977
151.02	Brooks AFB, Clinic Bay 2	572		2001-06-01 00:00:00.000	2013-01-03 05:13:14.977
151.03	Brooks AFB, Clinic Bay 3	573		2001-06-01 00:00:00.000	2013-01-03 05:13:14.977
151.04	Brooks AFB, Clinic Bay 4	574		2001-06-01 00:00:00.000	2013-01-03 05:13:14.977
151.05	Brooks AFB, Clinic Bay 5	575		2001-06-01 00:00:00.000	2013-01-03 05:13:14.977
151.06	Brooks AFB, Clinic Bay 6	576		2001-06-01 00:00:00.000	2013-01-03 05:13:14.977
151.07	Brooks AFB, Clinic Bay 7	577		2001-06-01 00:00:00.000	2013-01-03 05:13:14.977
151.08	Brooks AFB, Clinic Bay 8	578		2001-06-01 00:00:00.000	2013-01-03 05:13:14.977
151.09	Brooks AFB, Clinic Bay 9	579		2001-06-01 00:00:00.000	2013-01-03 05:13:14.977
151.10	Brooks AFB, Clinic Bay 10	580		2001-06-01 00:00:00.000	2013-01-03 05:13:14.977
151.11	Brooks AFB, Clinic Bay 11	581		2001-06-01 00:00:00.000	2013-01-03 05:13:14.977
151.12	Brooks AFB, Clinic Bay 12	582		2001-06-01 00:00:00.000	2013-01-03 05:13:14.977
151.13	Brooks AFB, Clinic Bay 13	583		2001-06-01 00:00:00.000	2013-01-03 05:13:14.977
151.14	Brooks AFB, Clinic Bay 14	584		2001-06-01 00:00:00.000	2013-01-03 05:13:14.977
152.01	Brooks AFB, Bldg 152 Cage 1	585		2001-06-01 00:00:00.000	2013-01-03 05:15:44.613
152.02	Brooks AFB, Cage 2	586		2001-06-01 00:00:00.000	2013-01-03 05:15:44.613
152.03	Brooks AFB, Cage 3	587		2001-06-01 00:00:00.000	2013-01-03 05:15:44.613
152.04	Brooks AFB, Cage 4	588		2001-06-01 00:00:00.000	2013-01-03 05:15:44.613
152.05	Brooks AFB, Cage 5	589		2001-06-01 00:00:00.000	2013-01-03 05:15:44.613
152.06	Brooks AFB, Cage 6	590		2001-06-01 00:00:00.000	2013-01-03 05:15:44.613
152.07	Brooks AFB, Cage 7	591		2001-06-01 00:00:00.000	2013-01-03 05:15:44.613
152.08	Brooks AFB, Cage 8	592		2001-06-01 00:00:00.000	2013-01-03 05:15:44.613
152.09	Brooks AFB, Cage 9	593		2001-06-01 00:00:00.000	2013-01-03 05:15:44.613
152.10	Brooks AFB, Cage 10	594		2001-06-01 00:00:00.000	2013-01-03 05:15:44.613
152.11	Brooks AFB, Cage 11	595		2001-06-01 00:00:00.000	2013-01-03 05:15:44.613
152.12	Brooks AFB, Cage 12	596		2001-06-01 00:00:00.000	2013-01-03 05:15:44.613
152.13	Brooks AFB, Cage 13	597		2001-06-01 00:00:00.000	2013-01-03 05:15:44.613
152.14	Brooks AFB, Cage 14	598		2001-06-01 00:00:00.000	2013-01-03 05:15:44.613
152.15	Brooks AFB, Cage 15	599		2001-06-01 00:00:00.000	2013-01-03 05:15:44.613
152.16	Brooks AFB, Cage 16	600		2001-06-01 00:00:00.000	2013-01-03 05:15:44.613
152.17	Brooks AFB, Cage 17	601		2001-06-01 00:00:00.000	2013-01-03 05:15:44.613
152.18	Brooks AFB, Cage 18	602		2001-06-01 00:00:00.000	2013-01-03 05:15:44.613
152.19	Brooks AFB, Cage 19	603		2001-06-01 00:00:00.000	2013-01-03 05:15:44.613
152.20	Brooks AFB, Cage 20	604		2001-06-01 00:00:00.000	2013-01-03 05:15:44.613
152.21	Brooks AFB, Cage 21	605		2001-06-01 00:00:00.000	2013-01-03 05:15:44.613
152.22	Brooks AFB, Cage 22	606		2001-06-01 00:00:00.000	2013-01-03 05:15:44.613
152.23	Brooks AFB, Cage 23	607		2001-06-01 00:00:00.000	2013-01-03 05:15:44.613
152.24	Brooks AFB, Cage 24	608		2001-06-01 00:00:00.000	2013-01-03 05:15:44.613
152.25	Brooks AFB, Cage 25	609		2001-06-01 00:00:00.000	2013-01-03 05:15:44.613
152.26	Brooks AFB, Cage 26	610		2001-06-01 00:00:00.000	2013-01-03 05:15:44.613
152.27	Brooks AFB, Cage 27	611		2001-06-01 00:00:00.000	2013-01-03 05:15:44.613
152.28	Brooks AFB, Cage 28	612		2001-06-01 00:00:00.000	2013-01-03 05:15:44.613
152.29	Brooks AFB, Cage 29	613		2001-06-01 00:00:00.000	2013-01-03 05:15:44.613
152.30	Brooks AFB, Cage 30	614		2001-06-01 00:00:00.000	2013-01-03 05:15:44.613
152.31	Brooks AFB, Cage 31	615		2001-06-01 00:00:00.000	2013-01-03 05:15:44.613
152.32	Brooks AFB, Cage 32	616		2001-06-01 00:00:00.000	2013-01-03 05:15:44.613
152.33	Brooks AFB, Cage 33	617		2001-06-01 00:00:00.000	2013-01-03 05:15:44.613
152.34	Brooks AFB, Cage 34	618		2001-06-01 00:00:00.000	2013-01-03 05:15:44.613
152.35	Brooks AFB, Cage 35	619		2001-06-01 00:00:00.000	2013-01-03 05:15:44.613
152.36	Brooks AFB, Cage 36	620		2001-06-01 00:00:00.000	2013-01-03 05:15:44.613
152.37	Brooks AFB, Cage 37	621		2001-06-01 00:00:00.000	2013-01-03 05:15:44.613
152.38	Brooks AFB, Cage 38	622		2001-06-01 00:00:00.000	2013-01-03 05:15:44.613
152.39	Brooks AFB, Cage 39	623		2001-06-01 00:00:00.000	2013-01-03 05:15:44.613
152.40	Brooks AFB, Cage 40	624		2001-06-01 00:00:00.000	2013-01-03 05:15:44.613
153.01	Brooks AFB, Cage 1	625		2001-06-01 00:00:00.000	2013-01-03 05:15:44.613
153.02	Brooks AFB, Cage 2	626		2001-06-01 00:00:00.000	2013-01-03 05:15:44.613
153.03	Brooks AFB, Cage 3	627		2001-06-01 00:00:00.000	2013-01-03 05:15:44.613
153.04	Brooks AFB, Cage 4	628		2001-06-01 00:00:00.000	2013-01-03 05:15:44.613
153.05	Brooks AFB, Cage 5	629		2001-06-01 00:00:00.000	2013-01-03 05:15:44.613
153.06	Brooks AFB, Cage 6	630		2001-06-01 00:00:00.000	2013-01-03 05:15:44.613
153.07	Brooks AFB, Cage 7	631		2001-06-01 00:00:00.000	2013-01-03 05:15:44.613
153.08	Brooks AFB, Cage 8	632		2001-06-01 00:00:00.000	2013-01-03 05:15:44.613
153.09	Brooks AFB, Cage 9	633		2001-06-01 00:00:00.000	2013-01-03 05:15:44.613
153.10	Brooks AFB, Cage 10	634		2001-06-01 00:00:00.000	2013-01-03 05:15:44.613
153.11	Brooks AFB, Cage 11	635		2001-06-01 00:00:00.000	2013-01-03 05:15:44.613
153.12	Brooks AFB, Cage 12	636		2001-06-01 00:00:00.000	2013-01-03 05:15:44.613
153.13	Brooks AFB, Cage 13	637		2001-06-01 00:00:00.000	2013-01-03 05:15:44.613
153.14	Brooks AFB, Cage 14	638		2001-06-01 00:00:00.000	2013-01-03 05:15:44.613
153.15	Brooks AFB, Cage 15	639		2001-06-01 00:00:00.000	2013-01-03 05:15:44.613
153.16	Brooks AFB, Cage 16	640		2001-06-01 00:00:00.000	2013-01-03 05:15:44.613
153.17	Brooks AFB, Cage 17	641		2001-06-01 00:00:00.000	2013-01-03 05:15:44.613
153.18	Brooks AFB, Cage 18	642		2001-06-01 00:00:00.000	2013-01-03 05:15:44.613
153.19	Brooks AFB, Cage 19	643		2001-06-01 00:00:00.000	2013-01-03 05:15:44.613
153.20	Brooks AFB, Cage 20	644		2001-06-01 00:00:00.000	2013-01-03 05:15:44.613
153.21	Brooks AFB, Cage 21	645		2001-06-01 00:00:00.000	2013-01-03 05:15:44.613
153.22	Brooks AFB, Cage 22	646		2001-06-01 00:00:00.000	2013-01-03 05:15:44.613
153.23	Brooks AFB, Cage 23	647		2001-06-01 00:00:00.000	2013-01-03 05:15:44.613
153.24	Brooks AFB, Cage 24	648		2001-06-01 00:00:00.000	2013-01-03 05:15:44.613
153.25	Brooks AFB, Cage 25	649		2001-06-01 00:00:00.000	2013-01-03 05:15:44.613
153.26	Brooks AFB, Cage 26	650		2001-06-01 00:00:00.000	2013-01-03 05:15:44.613
153.27	Brooks AFB, Cage 27	651		2001-06-01 00:00:00.000	2013-01-03 05:15:44.613
153.28	Brooks AFB, Cage 28	652		2001-06-01 00:00:00.000	2013-01-03 05:15:44.613
153.29	Brooks AFB, Cage 29	653		2001-06-01 00:00:00.000	2013-01-03 05:15:44.613
153.30	Brooks AFB, Cage 30	654		2001-06-01 00:00:00.000	2013-01-03 05:15:44.613
153.31	Brooks AFB, Cage 31	655		2001-06-01 00:00:00.000	2013-01-03 05:15:44.613
153.32	Brooks AFB, Cage 32	656		2001-06-01 00:00:00.000	2013-01-03 05:15:44.613
153.33	Brooks AFB, Cage 33	657		2001-06-01 00:00:00.000	2013-01-03 05:15:44.613
153.34	Brooks AFB, Cage 34	658		2001-06-01 00:00:00.000	2013-01-03 05:15:44.613
153.35	Brooks AFB, Cage 35	659		2001-06-01 00:00:00.000	2013-01-03 05:15:44.613
153.36	Brooks AFB, Cage 36	660		2001-06-01 00:00:00.000	2013-01-03 05:15:44.613
153.37	Brooks AFB, Cage 37	661		2001-06-01 00:00:00.000	2013-01-03 05:15:44.613
153.38	Brooks AFB, Cage 38	662		2001-06-01 00:00:00.000	2013-01-03 05:15:44.613
153.39	Brooks AFB, Cage 39	663		2001-06-01 00:00:00.000	2013-01-03 05:15:44.613
153.40	Brooks AFB, Cage 40	664		2001-06-01 00:00:00.000	2013-01-03 05:15:44.613
153.41	Brooks AFB, Cage 41	665		2001-06-01 00:00:00.000	2013-01-03 05:15:44.613
153.42	Brooks AFB, Cage 42	666		2001-06-01 00:00:00.000	2013-01-03 05:15:44.613
153.43	Brooks AFB, Cage 43	667		2001-06-01 00:00:00.000	2013-01-03 05:15:44.613
153.44	Brooks AFB, Cage 44	668		2001-06-01 00:00:00.000	2013-01-03 05:15:44.613
153.45	Brooks AFB, Cage 45	669		2001-06-01 00:00:00.000	2013-01-03 05:15:44.613
153.46	Brooks AFB, Cage 46	670		2001-06-01 00:00:00.000	2013-01-03 05:15:44.613
153.47	Brooks AFB, Cage 47	671		2001-06-01 00:00:00.000	2013-01-03 05:15:44.613
153.48	Brooks AFB, Cage 48	672		2001-06-01 00:00:00.000	2013-01-03 05:15:44.613
153.49	Brooks AFB, Cage 49	673		2001-06-01 00:00:00.000	2013-01-03 05:15:44.613
153.50	Brooks AFB, Cage 50	674		2001-06-01 00:00:00.000	2013-01-03 05:15:44.613
153.51	Brooks AFB, Cage 51	675		2001-06-01 00:00:00.000	2013-01-03 05:15:44.613
153.52	Brooks AFB, Cage 52	676		2001-06-01 00:00:00.000	2013-01-03 05:15:44.613
153.53	Brooks AFB, Cage 53	677		2001-06-01 00:00:00.000	2013-01-03 05:15:44.613
153.54	Brooks AFB, Cage 54	678		2001-06-01 00:00:00.000	2013-01-03 05:15:44.613
153.55	Brooks AFB, Cage 55	679		2001-06-01 00:00:00.000	2013-01-03 05:15:44.613
153.56	Brooks AFB, Cage 56	680		2001-06-01 00:00:00.000	2013-01-03 05:15:44.613
153.57	Brooks AFB, Cage 57	681		2001-06-01 00:00:00.000	2013-01-03 05:15:44.613
153.58	Brooks AFB, Cage 58	682		2001-06-01 00:00:00.000	2013-01-03 05:15:44.613
153.59	Brooks AFB, Cage 59	683		2001-06-01 00:00:00.000	2013-01-03 05:15:44.613
153.60	Brooks AFB, Cage 60	684		2001-06-01 00:00:00.000	2013-01-03 05:15:44.613
153.61	Brooks AFB, Cage 61	685		2001-06-01 00:00:00.000	2013-01-03 05:15:44.613
153.62	Brooks AFB, Cage 62	686		2001-06-01 00:00:00.000	2013-01-03 05:15:44.613
153.63	Brooks AFB, Cage 63	687		2001-06-01 00:00:00.000	2013-01-03 05:15:44.613
153.64	Brooks AFB, Cage 64	688		2001-06-01 00:00:00.000	2013-01-03 05:15:44.613
153.65	Brooks AFB, Cage 65	689		2001-06-01 00:00:00.000	2013-01-03 05:15:44.613
153.66	Brooks AFB, Cage 66	690		2001-06-01 00:00:00.000	2013-01-03 05:15:44.613
153.67	Brooks AFB, Cage 67	691		2001-06-01 00:00:00.000	2013-01-03 05:15:44.613
153.68	Brooks AFB, Cage 68	692		2001-06-01 00:00:00.000	2013-01-03 05:15:44.613
153.69	Brooks AFB, Cage 69	693		2001-06-01 00:00:00.000	2013-01-03 05:15:44.613
153.70	Brooks AFB, Cage 70	694		2001-06-01 00:00:00.000	2013-01-03 05:15:44.613
153.71	Brooks AFB, Cage 71	695		2001-06-01 00:00:00.000	2013-01-03 05:15:44.613
153.72	Brooks AFB, Cage 72	696		2001-06-01 00:00:00.000	2013-01-03 05:15:44.613
153.73	Brooks AFB, Cage 73	697		2001-06-01 00:00:00.000	2013-01-03 05:15:44.613
153.74	Brooks AFB, Cage 74	698		2001-06-01 00:00:00.000	2013-01-03 05:15:44.613
153.75	Brooks AFB, Cage 75	699		2001-06-01 00:00:00.000	2013-01-03 05:15:44.613
153.76	Brooks AFB, Cage 76	700		2001-06-01 00:00:00.000	2013-01-03 05:15:44.613
153.77	Brooks AFB, Cage 77	701		2001-06-01 00:00:00.000	2013-01-03 05:15:44.613
153.78	Brooks AFB, Cage 78	702		2001-06-01 00:00:00.000	2013-01-03 05:15:44.613
153.79	Brooks AFB, Cage 79	703		2001-06-01 00:00:00.000	2013-01-03 05:15:44.613
153.80	Brooks AFB, Cage 80	704		2001-06-01 00:00:00.000	2013-01-03 05:15:44.613
153.81	Brooks AFB, Cage 81	705		2001-06-01 00:00:00.000	2013-01-03 05:15:44.613
153.82	Brooks AFB, Cage 82	706		2001-06-01 00:00:00.000	2013-01-03 05:15:44.613
153.83	Brooks AFB, Cage 83	707		2001-06-01 00:00:00.000	2013-01-03 05:15:44.613
153.84	Brooks AFB, Cage 84	708		2001-06-01 00:00:00.000	2013-01-03 05:15:44.613
153.85	Brooks AFB, Cage 85	709		2001-06-01 00:00:00.000	2013-01-03 05:15:44.613
153.86	Brooks AFB, Cage 86	710		2001-06-01 00:00:00.000	2013-01-03 05:15:44.613
153.87	Brooks AFB, Cage 87	711		2001-06-01 00:00:00.000	2013-01-03 05:15:44.613
153.88	Brooks AFB, Cage 88	712		2001-06-01 00:00:00.000	2013-01-03 05:15:44.613
153.89	Brooks AFB, Cage 89	713		2001-06-01 00:00:00.000	2013-01-03 05:15:44.613
185.00	USAF	714		2001-06-01 00:00:00.000	2013-01-02 09:29:06.927
208.00	Exposure Trailer-housed experimental animals 1980->1983,location doesn't exists-1997	715	1983-01-01	1980-08-14 00:00:00.000	2013-01-18 10:29:12.923
210.01	Greenhouse-housed marmosets 1979,baboons 1981,currently maintenance storeroom-1997	716	1981-12-30	1981-01-01 00:00:00.000	2013-01-18 10:29:12.930
401.00	Biocontainment Hut, Hut 1	717		1996-09-24 00:00:00.000	2013-01-18 10:29:12.950
402.00	Biocontainment Hut, Hut 2	718		1996-09-24 00:00:00.000	2013-01-18 10:29:12.953
403.00	Biocontainment Hut, Hut 3	719		1996-09-24 00:00:00.000	2013-01-18 10:29:12.960
404.00	Biocontainment Hut, Hut 4	720		1996-09-24 00:00:00.000	2013-01-18 10:29:12.973
405.00	Biocontainment Hut, Hut 5	721		1996-01-01 00:00:00.000	2012-12-18 09:36:52.947
406.00	Biocontainment Hut, Hut 6 indoor/outdoor	722		1996-01-01 00:00:00.000	2012-12-18 09:36:52.947
407.00	Biocontainment Hut, Hut 7, storeroom 1998	723		1996-01-01 00:00:00.000	2012-12-18 09:36:52.947
408.00	Biocontainment Hut, Hut 8 indoor/outdoor	724		1996-01-01 00:00:00.000	2012-12-18 09:36:52.947
409.00	Biocontainment Hut, Hut 9	725		1996-01-01 00:00:00.000	2012-12-18 09:36:52.947
410.00	Biocontainment Hut, Hut 10	726		1996-01-01 00:00:00.000	2012-12-18 09:36:52.947
411.00	Biocontainment Hut, Hut 11	727		1996-01-01 00:00:00.000	2012-12-18 09:36:52.947
412.00	Biocontainment Hut, Hut 12	728		1996-01-01 00:00:00.000	2012-12-18 09:36:52.947
413.00	Biocontainment Hut, Hut 13	729		1996-01-01 00:00:00.000	2012-12-18 09:36:52.947
414.00	Biocontainment Hut, Hut 14	730		1996-01-01 00:00:00.000	2012-12-18 09:36:52.947
415.00	Biocontainment Hut, Hut 15	731		1996-01-01 00:00:00.000	2012-12-18 09:36:52.947
416.00	Biocontainment Hut, Hut 16	732		1996-01-01 00:00:00.000	2012-12-18 09:36:52.947
417.00	Biocontainment Hut, Hut 17	733		1996-01-01 00:00:00.000	2012-12-18 09:36:52.947
418.00	Biocontainment Hut, Hut 18	734		1996-01-01 00:00:00.000	2012-12-18 09:36:52.947
419.00	Biocontainment Hut, Hut 19	735		1996-01-01 00:00:00.000	2012-12-18 09:36:52.947
420.00	Biocontainment Hut, Hut 20	736		1996-01-01 00:00:00.000	2012-12-18 09:36:52.947
421.00	Biocontainment Hut, Hut 21	737		1996-01-01 00:00:00.000	2012-12-18 09:36:52.947
422.00	Biocontainment Hut, Hut 22	738		1996-01-01 00:00:00.000	2012-12-18 09:36:52.947
431.01	Group Housing Condos, Condo 31, Right side 1	739		1996-01-01 00:00:00.000	2012-12-18 09:36:52.947
431.02	Group Housing Condos, Condo 31, Left side 2	740		1996-01-01 00:00:00.000	2012-12-18 09:36:52.947
432.01	Group Housing Condos, Condo 32, Right side 1	741		1996-01-01 00:00:00.000	2012-12-18 09:36:52.947
432.02	Group Housing Condos, Condo 32, Left side 2	742		1996-01-01 00:00:00.000	2012-12-18 09:36:52.947
433.01	Group Housing Condos, Condo 33, Right side 1	743		1996-01-01 00:00:00.000	2012-12-18 09:36:52.947
433.02	Group Housing Condos, Condo 33, Left side 2	744		1996-01-01 00:00:00.000	2012-12-18 09:36:52.947
434.01	Group Housing Condos, Condo 34, Right side 1	745		1996-01-01 00:00:00.000	2012-12-18 09:36:52.947
434.02	Group Housing Condos, Condo 34, Left side 2	746		1996-01-01 00:00:00.000	2012-12-18 09:36:52.947
435.01	Group Housing Condos, Condo 35, Right side 1	747		1996-01-01 00:00:00.000	2012-12-18 09:36:52.947
435.02	Group Housing Condos, Condo 35, Left side 2	748		1996-01-01 00:00:00.000	2012-12-18 09:36:52.947
436.01	Group Housing Condos, Condo 36, Right side 1	749		1996-01-01 00:00:00.000	2012-12-18 09:36:52.947
436.02	Group Housing Condos, Condo 36, Left side 2	750		1996-01-01 00:00:00.000	2012-12-18 09:36:52.947
437.01	Group Housing Condos, Condo 37, Right side 1	751		1996-01-01 00:00:00.000	2012-12-18 09:36:52.947
437.02	Group Housing Condos, Condo 37, Left side 2	752		1996-01-01 00:00:00.000	2012-12-18 09:36:52.947
438.01	Group Housing Condos, Condo 38, Right side 1	753		1996-01-01 00:00:00.000	2012-12-18 09:36:52.947
438.02	Group Housing Condos, Condo 38, Left side 2	754		1996-01-01 00:00:00.000	2012-12-18 09:36:52.947
439.01	Group Housing Condos, Condo 39, Right side 1	755		1996-01-01 00:00:00.000	2012-12-18 09:36:52.947
439.02	Group Housing Condos, Condo 39, Left side 2	756		1996-01-01 00:00:00.000	2012-12-18 09:36:52.947
440.01	Group Housing Hotels, Hotel 40, Right side 1	757		1996-01-01 00:00:00.000	2012-12-18 09:36:52.947
440.02	Group Housing Hotels, Hotel 40, Left side 2	758		1996-01-01 00:00:00.000	2012-12-18 09:36:52.947
441.01	Group Housing Hotels, Hotel 41, Right side 1	759		1996-01-01 00:00:00.000	2012-12-18 09:36:52.947
441.02	Group Housing Hotels, Hotel 41, Left side 2	760		1996-01-01 00:00:00.000	2012-12-18 09:36:52.947
442.01	Group Housing Hotels, Hotel 42, Right side 1	761		1996-01-01 00:00:00.000	2012-12-18 09:36:52.947
442.02	Group Housing Hotels, Hotel 42, Left side 2	762		1996-01-01 00:00:00.000	2012-12-18 09:36:52.947
443.01	Group Housing Hotels, Hotel 43, Right side 1	763		1996-01-01 00:00:00.000	2012-12-18 09:36:52.947
443.02	Group Housing Hotels, Hotel 43, Left side 2	764		1996-01-01 00:00:00.000	2012-12-18 09:36:52.947
444.01	Group Housing Hotels, Hotel 44, Right side 1	765		1996-01-01 00:00:00.000	2012-12-18 09:36:52.947
444.02	Group Housing Hotels, Hotel 44, Left side 2	766		1996-01-01 00:00:00.000	2012-12-18 09:36:52.947
445.01	Infectious Disease Building, Bay 1	767		1999-06-01 00:00:00.000	2012-12-18 09:36:52.947
445.02	Infectious Disease Building, Bay 2	768		1999-06-01 00:00:00.000	2012-12-18 09:36:52.947
445.03	Infectious Disease Building, Bay 3	769		1999-06-01 00:00:00.000	2012-12-18 09:36:52.947
445.04	Infectious Disease Building, Bay 4	770		1999-06-01 00:00:00.000	2012-12-18 09:36:52.947
445.05	Infectious Disease Building, Bay 5	771		1999-06-01 00:00:00.000	2012-12-18 09:36:52.947
445.06	Infectious Disease Building, Bay 6	772		1999-06-01 00:00:00.000	2012-12-18 09:36:52.947
446.00	Corn Crib,(between Hut 406-408)1998,front	773		1998-05-13 00:00:00.000	2012-12-18 09:36:52.947
447.00	Corn Crib,(between Hut 406-408)1998,back	774		1998-05-13 00:00:00.000	2012-12-18 09:36:52.947
800.00	Albert Einstein Medical School, NY, NY	775		1996-01-01 00:00:00.000	2013-01-02 09:29:06.927
801.00	San Diego Zoo, San Diego, CA	776		1996-01-01 00:00:00.000	2013-01-02 09:29:06.927
802.00	University of Illinois Medical Center, Chicago, IL	777		1996-01-01 00:00:00.000	2013-01-02 09:29:06.927
803.00	Brown University, Providence, RI	778		1996-01-01 00:00:00.000	2013-01-02 09:29:06.927
804.00	Columbia University School of Medicine, NY	779		1996-01-01 00:00:00.000	2013-01-02 09:29:06.927
805.00	University of South Florida Medical Center, Tampa, FL	780		1996-01-01 00:00:00.000	2013-01-02 09:29:06.927
806.00	Boston University Medical Center, Boston, MA	781		1996-01-01 00:00:00.000	2013-01-02 09:29:06.927
807.00	Scripps Clinic and Research Foundation, LaJolla, CA	782		1996-01-01 00:00:00.000	2013-01-02 09:29:06.927
808.00	Loma Linda Surgical Research Laboratory, Loma Linda, CA	783		1996-01-01 00:00:00.000	2013-01-02 09:29:06.927
809.00	Kling, Rockford, IL (private individual)	784		1996-01-01 00:00:00.000	2013-01-02 09:29:06.927
810.00	Marmoset Breeding Farms, Riverview, FL	785		1996-01-01 00:00:00.000	2013-01-02 09:29:06.927
811.00	University of California, San Francisco Animal Care Facility, San Francisco, CA	786		1996-01-01 00:00:00.000	2013-01-02 09:29:06.927
812.00	Hart-Tagami Zoo, Kancoho, HI	787		1996-01-01 00:00:00.000	2013-01-02 09:29:06.927
813.00	University of Maryland School of Medicine, Baltimore, MD	788		1996-01-01 00:00:00.000	2013-01-02 09:29:06.927
814.00	Eastern Virginia Medical School, Norfolk, VA (1991-Medical College of Hampton Roads)	789		1996-01-01 00:00:00.000	2013-01-02 09:29:06.927
815.00	Duke University, Durham, NC (Duke Medical Laboratory Animal Research)	790		1996-01-01 00:00:00.000	2013-01-02 09:29:06.927
816.00	University of Arizona, Arizona Medical Center, Tucson, AZ	791		1996-01-01 00:00:00.000	2013-01-02 09:29:06.927
817.00	Columbus Zoological Garden, Powell, OH	792		1996-01-01 00:00:00.000	2013-01-02 09:29:06.927
818.00	Tufts New England Medical Center, Boston, MA	793		1996-01-01 00:00:00.000	2013-01-02 09:29:06.927
819.00	Primate Breeding Center of Hawaii	794		1996-01-01 00:00:00.000	2013-01-02 09:29:06.927
820.00	University of Nebraska Medical Center, Omaha, NE	795		1996-01-01 00:00:00.000	2013-01-02 09:29:06.927
821.00	Wright State University, Dayton, OH	796		1996-01-01 00:00:00.000	2013-01-02 09:29:06.927
822.00	Dave Hale, 5 H Ranch, Cape Girordeau, MO	797		1996-01-01 00:00:00.000	2013-01-02 09:29:06.927
823.00	HIH Infectious Disease, NINDS, Bethesda, MD	798		1996-01-01 00:00:00.000	2013-01-02 09:29:06.927
824.00	Montefiore Hospital, Pittsburgh, PA	799		1996-01-01 00:00:00.000	2013-01-02 09:29:06.927
825.00	Royal Victoria Hospital, Montreal, Canada	800		1996-01-01 00:00:00.000	2013-01-02 09:29:06.927
826.00	Ron Oxly, 7433 Soledad Canyon Rd., Acton, CA	801		1996-01-01 00:00:00.000	2013-01-02 09:29:06.927
827.00	Auburn University, Psychology Department, Auburn, AL	802		1996-01-01 00:00:00.000	2013-01-02 09:29:06.927
828.00	Flow Laboratories, McLean, VA	803		1996-01-01 00:00:00.000	2013-01-02 09:29:06.927
829.00	Worldwide Primates Inc., Miami, FL	804		1996-01-01 00:00:00.000	2013-01-02 09:29:06.927
830.00	Washington University Medical School, St. Louis, MO	805		1996-01-01 00:00:00.000	2013-01-02 09:29:06.927
831.00	University of Pennsylvania Medical School, Philadelphia, PA	806		1996-01-01 00:00:00.000	2013-01-02 09:29:06.927
832.00	University of Connecticut Health Center, Farmington, CT	807		1996-01-01 00:00:00.000	2013-01-02 09:29:06.927
833.00	Chicago Zoological Park, Brookfield, IL (Brookfield Zoo)	808		1996-01-01 00:00:00.000	2013-01-02 09:29:06.927
834.00	Letterman Army Institute of Research, San Francisco, CA	809		1996-01-01 00:00:00.000	2013-01-02 09:29:06.927
835.00	Brooks Air Force Base, San Antonio, TX	810		1996-01-01 00:00:00.000	2013-01-02 09:29:06.927
836.00	Caribbean Primate Research Center, Sabana Seca, PR	811		1996-01-01 00:00:00.000	2013-01-02 09:29:06.927
837.00	St. Joseph Hospital, Phoenix, AZ	812		1996-01-01 00:00:00.000	2013-01-02 09:29:06.927
838.00	Cornell University Medical Center, NY, NY (Dr. Moldawer-1992)	813		1996-01-01 00:00:00.000	2013-01-02 09:29:06.927
839.00	University of Massachusetts Medical Center, Worcester, MA	814		1996-01-01 00:00:00.000	2013-01-02 09:29:06.927
840.00	Hoffman-LaRoche, Nutley, VA	815		1996-01-01 00:00:00.000	2013-01-02 09:29:06.927
841.00	EG & G Mason Reseach Institute, Worcester, MA (TSI Mason 1991)	816		1996-01-01 00:00:00.000	2013-01-02 09:29:06.927
842.00	Barbados Primate Research Center & Wildlife Reserve	817		1996-01-01 00:00:00.000	2013-01-02 09:29:06.927
843.00	Louisianna State University	818		1996-01-01 00:00:00.000	2013-01-02 09:29:06.927
844.00	V. A. Medical Center, Syracuse, NY (1988), State University of New York (SUNY) Health Science Center	819		1996-01-01 00:00:00.000	2013-01-02 09:29:06.927
845.00	Mayo Clinic Animal Resources, Rochester, MN    NEXTRAN	820		1996-01-01 00:00:00.000	2013-01-02 09:29:06.927
846.00	White Sands Research Center, Alamogordo, NM	821		1996-01-01 00:00:00.000	2013-01-02 09:29:06.927
847.00	Bronx VA Medical Center, Bronx, NY (Wildlife Conservation Center- 1993)	822		1996-01-01 00:00:00.000	2013-01-02 09:29:06.927
848.00	University of Texas @ El Paso, El Paso, TX, Dan Moss	823		1996-01-01 00:00:00.000	2013-01-02 09:29:06.927
849.00	Dorn Williams, Stuart, VA (private individual)	824		1996-01-01 00:00:00.000	2013-01-02 09:29:06.927
850.00	Knoxville Zoological Park, Knoxville, TN	825		1996-01-01 00:00:00.000	2013-01-02 09:29:06.927
851.00	University of Michigan Medical Center, Ann Arbor, MI	826		1996-01-01 00:00:00.000	2013-01-02 09:29:06.927
852.00	Henry Ford Hospital, Detroit, MI	827		1996-01-01 00:00:00.000	2013-01-02 09:29:06.927
853.00	McGill University, Montreal, Canada	828		1996-01-01 00:00:00.000	2013-01-02 09:29:06.927
854.00	Centers for Disease Control, Atlanta, GA	829		1996-01-01 00:00:00.000	2013-01-02 09:29:06.927
855.00	University of Texas Health Science Center (UTHSC) @ Houston, Animal Care, Houston, TX	830		1996-01-01 00:00:00.000	2013-01-02 09:29:06.927
856.00	University of Colorado Health Science Center, Denver, CO	831		1996-01-01 00:00:00.000	2013-01-02 09:29:06.927
857.00	University of Cincinati, Cincinati, OH	832		1996-01-01 00:00:00.000	2013-01-02 09:29:06.927
858.00	State University of New York Health Science Center (NYHSC) @ Brooklyn (SUNY-1991)	833		1996-01-01 00:00:00.000	2013-01-02 09:29:06.927
859.00	Marine World, San Diego, CA (1991)	834		1996-01-01 00:00:00.000	2013-01-02 09:29:06.927
860.00	Scott + White, Temple, TX (1991)	835		1996-01-01 00:00:00.000	2013-01-02 09:29:06.927
861.00	Oklahoma Research Foundation (1992)	836		1996-01-01 00:00:00.000	2013-01-02 09:29:06.927
862.00	University of Virginia, Department of Anatomy + Cell Biology (1992)	837		1996-01-01 00:00:00.000	2013-01-02 09:29:06.927
863.00	Bio-Surg Inc., Winters, CA (1992)	838		1996-01-01 00:00:00.000	2013-01-02 09:29:06.927
864.00	Bio-Qual Inc., Rockville, Maryland (1992)	839		1996-01-01 00:00:00.000	2013-01-02 09:29:06.927
865.00	Columbia University Institute of Comparitive Medicine, NY, NY (1992)	840		1996-01-01 00:00:00.000	2013-01-02 09:29:06.927
866.00	Cornell University, Ithaca, NY (Dr. Nathanielsz- 1992)	841		1996-01-01 00:00:00.000	2013-01-02 09:29:06.927
867.00	Massachusetts General Hospital, Boston, MA (1992)	842		1996-01-01 00:00:00.000	2013-01-02 09:29:06.927
868.00	Texas Tech University, UHS Cell Biology + Anatomy, Lubbock, TX (1992)	843		1996-01-01 00:00:00.000	2013-01-02 09:29:06.927
869.00	Ozark Zoological Park (HCR5, Box 171027), Branson, MO 65616 (1992)	844		1996-01-01 00:00:00.000	2013-01-02 09:29:06.927
870.00	Sierra safari Reno Zoo, Reno, NV (1992)	845		1996-01-01 00:00:00.000	2013-01-02 09:29:06.927
871.00	Tulane University, Covington, LA (1992)	846		1996-01-01 00:00:00.000	2013-01-02 09:29:06.927
872.00	Miles Inc., Berkeley, CA (1993)	847		1996-01-01 00:00:00.000	2013-01-02 09:29:06.927
873.00	St. Louis University Medical School, St. Louis, MO (1994)	848		1996-01-01 00:00:00.000	2013-01-02 09:29:06.927
874.00	Sierra Biomedical Inc., Sparks, NV (1994)	849		1996-01-01 00:00:00.000	2013-01-02 09:29:06.927
875.00	University of Western Ontario, Canada (1994)	850		1996-01-01 00:00:00.000	2013-01-02 09:29:06.927
876.00	Dumond Conservancy for Primates + Tropical Forrests (1995)	851		1996-01-01 00:00:00.000	2013-01-02 09:29:06.927
877.00	University of Miami School of Medicine, Miami, FL	852		1996-01-01 00:00:00.000	2013-01-02 09:29:06.927
878.00	Wildlife Rescue,P.O. Box 34FF, San Antonio,Texas 78201	853		1996-05-21 00:00:00.000	2013-01-02 09:29:06.927
878.01	Wildlife Rescue,P.O. Box 34FF, San Antonio,Texas 78201	854		1996-05-21 00:00:00.000	2013-01-02 09:29:06.927
878.02	National Sanctuary for Retired Research Primates, San Antonio, Texas	855		2000-02-01 00:00:00.000	2013-01-02 09:29:06.927
879.00	Mannheimer Foundation Inc. ~Miami,Florida (1996)	856		1996-10-28 00:00:00.000	2013-01-02 09:29:06.927
880.00	University of Florida, Gainsville,Florida	857		1996-01-01 00:00:00.000	2013-01-02 09:29:06.927
881.00	Canadian	858		2004-04-20 00:00:00.000	2013-01-02 09:29:06.927
882.00	Baylor College of Dentistry, Gaston Ave.,Dallas,TX	859		1998-02-02 00:00:00.000	2013-01-02 09:29:06.927
883.00	Brookhaven National Laboratory,Upton,NY 11973(in Long Island)(1998)	860		1998-05-08 00:00:00.000	2013-01-02 09:29:06.927
884.00	Three Springs Scientific, 730 West Rock Rd, Parkasie,PA 18944	861		1997-01-01 00:00:00.000	2013-01-02 09:29:06.927
885.00	Primarily Primates, Boerne, TX	862		1998-01-01 00:00:00.000	2013-01-02 09:29:06.927
886.00	Charles River, Houston, TX	863		2000-07-26 00:00:00.000	2013-01-02 09:29:06.927
887.00	Stanford University, Stanford CA 94305	864		2003-08-01 00:00:00.000	2013-01-02 09:29:06.927
889.00	All Children's Hospital, Florida	865		2004-05-01 00:00:00.000	2013-01-02 09:29:06.927
890.00	Oklahoma University Health Science Center Animal Resources, OKC, OK	866		2002-11-12 08:00:00.000	2013-01-02 09:29:06.927
899.00	Douglas Industries, Hampton Primate Center,Old Salkehatchie Rd,Early Branch, SC 29916	867		1998-02-01 00:00:00.000	2013-01-02 09:29:06.927
900.00	Southwest Research Institute, San Antonio, TX	868		1996-01-01 00:00:00.000	2013-01-02 09:29:06.927
900.01	(Off Campus)    U.T.  MD Anderson, Bastrop TX	869		2000-01-01 00:00:00.000	2013-01-02 09:29:06.927
900.02	(Off Campus)   University of Virgina	870		2000-01-01 00:00:00.000	2013-01-02 09:29:06.927
900.03	(Off Campus)   Louisiana State University Dental school	871		2000-01-01 00:00:00.000	2013-01-02 09:29:06.927
900.04	(Off Campus) Huntingdon Life Sciences,  East Milstone, New Jersey	872		2000-09-26 00:00:00.000	2013-01-02 09:29:06.927
900.05	(Off Campus) Douglas Industries 16450 SW 180th Street  Miami, FL   33187	873		1997-12-01 00:00:00.000	2013-01-02 09:29:06.927
900.06	(Off Campus)  Covance Research Products Co. Rd 383 Alice, TX 78332	874		2001-08-08 00:00:00.000	2013-01-02 09:29:06.927
900.07	(Off Campus) Schering-Plough Research Institute 144 Rt 94 Lafayette, New Jersy 07848-0032	875		2002-06-24 00:00:00.000	2013-01-02 09:29:06.927
900.08	(Off Campus) Washington University 307 Euclid Ave. St. Louis MO 63110	876		2002-07-09 00:00:00.000	2013-01-02 09:29:06.927
900.09	(Off Campus) Douglas Industries 2015 Galloping Hill Road Kenilworth, NJ  07033	877		2002-09-24 00:00:00.000	2013-01-02 09:29:06.927
900.10	(Off Campus) Lovelace 2425 Ridgecrest Drive, S.E. Albuquerque, NM 87108	878		2003-07-29 00:00:00.000	2013-01-02 09:29:06.927
900.11	(Off Campus) Buckshire Corporation 2025 Ridge Road Perkasie, PA 18944	879		2006-02-06 00:00:00.000	2013-01-02 09:29:06.927
900.12	Charles River Lab, 600 Dunn Circle, Sparks Nevada 89431	880		2006-06-21 00:00:00.000	2013-01-02 09:29:06.927
901.00	Primate Imports-Port Washington, NY (Charles River Res.-1980), (1994-Biomedical Resources Fndt, Hous	881		1996-01-01 00:00:00.000	2013-01-02 09:29:06.927
902.00	Hazleton-Primlabs, NJ	882		1996-01-01 00:00:00.000	2013-01-02 09:29:06.927
903.00	Animal Suppliers	883		1996-01-01 00:00:00.000	2013-01-02 09:29:06.927
904.00	South American Primates	884		1996-01-01 00:00:00.000	2013-01-02 09:29:06.927
905.00	Pet Farms	885		1996-01-01 00:00:00.000	2013-01-02 09:29:06.927
906.00	Texas A&M University	886		1996-01-01 00:00:00.000	2013-01-02 09:29:06.927
907.00	University of Illinois	887		1996-01-01 00:00:00.000	2013-01-02 09:29:06.927
908.00	University of Chicago	888		1996-01-01 00:00:00.000	2013-01-02 09:29:06.927
909.00	Minnesota Medical	889		1996-01-01 00:00:00.000	2013-01-02 09:29:06.927
910.00	Ohio State University	890		1996-01-01 00:00:00.000	2013-01-02 09:29:06.927
911.00	University of Texas Health Science Center (UTHSC) @ San Antonio, San Antonio, TX	891		1996-01-01 00:00:00.000	2013-01-02 09:29:06.927
912.00	University of Texas @ San Antonio, San Antonio, TX	892		1996-01-01 00:00:00.000	2013-01-02 09:29:06.927
913.00	University of Iowa	893		1996-01-01 00:00:00.000	2013-01-02 09:29:06.927
914.00	Battelle	894		1996-01-01 00:00:00.000	2013-01-02 09:29:06.927
915.00	John Hopkins	895		1996-01-01 00:00:00.000	2013-01-02 09:29:06.927
916.00	San Antonio Pound (Animal Shelter), San Antonio, TX	896		1996-01-01 00:00:00.000	2013-01-02 09:29:06.927
917.00	Marshall Farms	897		1996-01-01 00:00:00.000	2013-01-02 09:29:06.927
918.00	Oregon Primate	898		1996-01-01 00:00:00.000	2013-01-02 09:29:06.927
919.00	Bucknell	899		1996-01-01 00:00:00.000	2013-01-02 09:29:06.927
920.00	Tropical	900		1996-01-01 00:00:00.000	2013-01-02 09:29:06.927
921.00	Africa	901		1996-01-01 00:00:00.000	2013-01-02 09:29:06.927
922.00	University of Washington, Seattle, Washington	902		1996-01-01 00:00:00.000	2013-01-02 09:29:06.927
923.00	Litton Bionetics	903		1996-01-01 00:00:00.000	2013-01-02 09:29:06.927
924.00	University of Ohio	904		1996-01-01 00:00:00.000	2013-01-02 09:29:06.927
925.00	Manheimer Primatological Foundation	905		1996-01-01 00:00:00.000	2013-01-02 09:29:06.927
926.00	New Mexico State University Primate Research Institute, Holloman Air Force Base, (Coulston Foundatio	906		1996-01-01 00:00:00.000	2013-01-02 09:29:06.927
927.00	Harvard Medical School	907		1996-01-01 00:00:00.000	2013-01-02 09:29:06.927
928.00	Yerkes Primate Center/Emory University (1992)	908		1996-01-01 00:00:00.000	2013-01-02 09:29:06.927
929.00	Trinity University	909		1996-01-01 00:00:00.000	2013-01-02 09:29:06.927
930.00	University of New Mexico	910		1996-01-01 00:00:00.000	2013-01-02 09:29:06.927
931.00	Engles Laboratory	911		1996-01-01 00:00:00.000	2013-01-02 09:29:06.927
932.00	International Wildlife Park, Grand Prairie, TX	912		1996-01-01 00:00:00.000	2013-01-02 09:29:06.927
933.00	University of California Primate Center @ Davis	913		1996-01-01 00:00:00.000	2013-01-02 09:29:06.927
934.00	New England Regional Primate Center	914		1996-01-01 00:00:00.000	2013-01-02 09:29:06.927
934.01	NEPRC social group 1	915		2015-01-22 08:13:59.017	2015-01-22 08:19:41.253
934.02	NEPRC social group 2	916		2015-01-22 08:15:09.433	2015-01-22 08:15:09.433
934.03	NEPRC social group 3	917		2015-01-22 08:15:27.947	2015-01-22 08:16:39.337
934.04	NEPRC social group 4	918		2015-01-22 08:15:50.240	2015-01-22 08:15:50.240
934.05	NEPRC social group 5	919		2015-01-22 08:16:03.860	2015-01-22 08:16:03.860
934.06	NEPRC social group 6	920		2015-01-22 08:19:53.420	2015-01-22 08:19:53.420
934.07	NEPRC social group 7	921		2015-01-22 08:20:07.383	2015-01-22 08:20:07.383
934.08	NEPRC social group 8	922		2015-01-22 08:20:21.337	2015-01-22 08:20:21.337
934.09	NEPRC social group 9	923		2015-01-22 08:20:32.503	2015-01-22 08:20:32.503
934.10	NEPRC social group 10	924		2015-01-22 08:20:47.950	2015-01-22 08:20:47.950
935.00	Lexington, Kentucky Medical Center	925		1996-01-01 00:00:00.000	2013-01-02 09:29:06.927
936.00	University of California @ San Diego (VA Medical Center)	926		1996-01-01 00:00:00.000	2013-01-02 09:29:06.927
937.00	Gladys Porter Zoo, Brownsville, TX	927		1996-01-01 00:00:00.000	2013-01-02 09:29:06.927
938.00	University of Pittsburgh School of Medicine	928		1996-01-01 00:00:00.000	2013-01-02 09:29:06.927
939.00	Case Western Reserve University	929		1996-01-01 00:00:00.000	2013-01-02 09:29:06.927
940.00	Carles Rivers (rodents only)	930		1996-01-01 00:00:00.000	2013-01-02 09:29:06.927
941.00	Richglo	931		1996-01-01 00:00:00.000	2013-01-02 09:29:06.927
942.00	Al Blom	932		1996-01-01 00:00:00.000	2013-01-02 09:29:06.927
943.00	Pelfreeze	933		1996-01-01 00:00:00.000	2013-01-02 09:29:06.927
944.00	Holzman	934		1996-01-01 00:00:00.000	2013-01-02 09:29:06.927
945.00	United States Navy	935		1996-01-01 00:00:00.000	2013-01-02 09:29:06.927
946.00	Theracon	936		1996-01-01 00:00:00.000	2013-01-02 09:29:06.927
947.00	Gulf South Research	937		1996-01-01 00:00:00.000	2013-01-02 09:29:06.927
948.00	Medical Research Foundation of Oregon	938		1996-01-01 00:00:00.000	2013-01-02 09:29:06.927
949.00	Medical College of Wisconsin	939		1996-01-01 00:00:00.000	2013-01-02 09:29:06.927
950.00	Howard Eldridge, Farmington Hills, MI	940		1996-01-01 00:00:00.000	2013-01-02 09:29:06.927
951.00	University of Texas, Austin, TX	941		1996-01-01 00:00:00.000	2013-01-02 09:29:06.927
952.00	Penn Acres	942		1996-01-01 00:00:00.000	2013-01-02 09:29:06.927
953.00	Laboratory Research Enterprise (LRE)	943		1996-01-01 00:00:00.000	2013-01-02 09:29:06.927
954.00	Huntsville Prison	944		1996-01-01 00:00:00.000	2013-01-02 09:29:06.927
955.00	Hazleton Lab of Virginia, Vienna, VA	945		1996-01-01 00:00:00.000	2013-01-02 09:29:06.927
956.00	Arayashima West Macaque Colony, Dilley, TX	946		1996-01-01 00:00:00.000	2013-01-02 09:29:06.927
957.00	University of Wisconsin	947		1996-01-01 00:00:00.000	2013-01-02 09:29:06.927
958.00	NY LEMSIP	948		1996-01-01 00:00:00.000	2013-01-02 09:29:06.927
959.00	University of Georgia	949		1996-01-01 00:00:00.000	2013-01-02 09:29:06.927
960.00	Kalamazoo	950		1996-01-01 00:00:00.000	2013-01-02 09:29:06.927
961.00	Baylor College of Medicine	951		1996-01-01 00:00:00.000	2013-01-02 09:29:06.927
962.00	San Antonio Zoo, San Antonio, TX	952		1996-01-01 00:00:00.000	2013-01-02 09:29:06.927
963.00	Abbott Laboratories of Chicago	953		1996-01-01 00:00:00.000	2013-01-02 09:29:06.927
964.00	M. D. Anderson Tumor Institute, Bastrop, TX (University of Texas Health Science Center)	954		1996-01-01 00:00:00.000	2013-01-02 09:29:06.927
965.00	International Animal Exchange	955		1996-01-01 00:00:00.000	2013-01-02 09:29:06.927
966.00	University of Minnesota	956		1996-01-01 00:00:00.000	2013-01-02 09:29:06.927
967.00	Delta Regional Primate Center, Tulane	957		1996-01-01 00:00:00.000	2013-01-02 09:29:06.927
968.00	Bowman-Gray School of Medicine	958		1996-01-01 00:00:00.000	2013-01-02 09:29:06.927
969.00	Pan American Health Organization	959		1996-01-01 00:00:00.000	2013-01-02 09:29:06.927
970.00	Dickerson Zoo, Springfield, MO	960		1996-01-01 00:00:00.000	2013-01-02 09:29:06.927
971.00	Baltimore Zoo, MD	961		1996-01-01 00:00:00.000	2013-01-02 09:29:06.927
972.00	Rio Grande Zoological Park, Albuquerque, NM	962		1996-01-01 00:00:00.000	2013-01-02 09:29:06.927
973.00	General Motors, Warren, MI, Dr. Smiler	963		1996-01-01 00:00:00.000	2013-01-02 09:29:06.927
974.00	Evelyn Thienpont, San Antonio, TX (rabbits)	964		1996-01-01 00:00:00.000	2013-01-02 09:29:06.927
975.00	Naval Dental Research Institute, IL	965		1996-01-01 00:00:00.000	2013-01-02 09:29:06.927
976.00	National Institutes of Health (NIH)	966		1996-01-01 00:00:00.000	2013-01-02 09:29:06.927
977.00	Hazelton Primate Center, Alice, TX	967		1996-01-01 00:00:00.000	2013-01-02 09:29:06.927
978.00	Loyola University Medical Center, IL	968		1996-01-01 00:00:00.000	2013-01-02 09:29:06.927
979.00	NASA Ames Research Center, Moffett Field	969		1996-01-01 00:00:00.000	2013-01-02 09:29:06.927
980.00	University of Texas Health Science Center (UTHSC) @ Dallas, Dallas, TX	970		1996-01-01 00:00:00.000	2013-01-02 09:29:06.927
981.00	Atlanta Zoo, Georgia	971		1996-01-01 00:00:00.000	2013-01-02 09:29:06.927
982.00	University of Oklahoma, Oklahoma City, OK	972		1996-01-01 00:00:00.000	2013-01-02 09:29:06.927
983.00	Merck Sharp & Dohme, Westpoint, PA	973		1996-01-01 00:00:00.000	2013-01-02 09:29:06.927
984.00	Lackland Air Force Base, Transplant Surgery Section, San Antonio, TX	974		1996-01-01 00:00:00.000	2013-01-02 09:29:06.927
985.00	Michael Reese Hospital, Clarence Delannoy	975		1996-01-01 00:00:00.000	2013-01-02 09:29:06.927
986.00	Vanderbilt University, Nashville, TN	976		1996-01-01 00:00:00.000	2013-01-02 09:29:06.927
987.00	Buckshire Farms, Parkasie, PA	977		1996-01-01 00:00:00.000	2013-01-02 09:29:06.927
988.00	Yemassee Primate Center, SC	978		1996-01-01 00:00:00.000	2013-01-02 09:29:06.927
989.00	Duluth Zoo, Duluth, MN	979		1996-01-01 00:00:00.000	2013-01-02 09:29:06.927
990.00	University of Louisville, Louisville, KY	980		1996-01-01 00:00:00.000	2013-01-02 09:29:06.927
991.00	Walter Reed Army Institute of Research, Bethesda, MD	981		1996-01-01 00:00:00.000	2013-01-02 09:29:06.927
992.00	Queens Hospital, CVR Research Laboratory, Honolulu, HI	982		1996-01-01 00:00:00.000	2013-01-02 09:29:06.927
993.00	University of Texas at Houston, Houston, TX	983		1996-01-01 00:00:00.000	2013-01-02 09:29:06.927
994.00	Detroit Zoo, Detroit, MI	984		1996-01-01 00:00:00.000	2013-01-02 09:29:06.927
995.00	Seibu Hong Kong LTD, Cunming, China	985		1996-01-01 00:00:00.000	2013-01-02 09:29:06.927
996.00	Bell County Zoo, Belton, TX	986		1996-01-01 00:00:00.000	2013-01-02 09:29:06.927
997.00	Clinical Research Center Harrow, Middlesex, England	987		1996-01-01 00:00:00.000	2013-01-02 09:29:06.927
998.00	University of California Los Angeles (UCLA), Department of Laboratory Animal Medicine (DLAM), Los An	988		1996-01-01 00:00:00.000	2013-01-02 09:29:06.927
999.00	Los Angeles Zoo, Los Angeles, CA	989		1996-01-01 00:00:00.000	2013-01-02 09:29:06.927
1000.00	Wyeth Research, NY	990		2002-05-23 00:00:00.000	2013-01-02 09:29:06.927
1001.00	New Iberia Research Center U of LA at Lafayette	991		1996-01-01 00:00:00.000	2013-01-02 09:29:06.927
1002.00	Holloman AFB New Mexico	992		1996-01-01 00:00:00.000	2013-01-02 09:29:06.927
1003.00	Labs of Virginia, Hampton Primate Center, Early Branch SC	993		2003-12-15 00:00:00.000	2013-01-02 09:29:06.927
1004.00	Vervet Research Colony North Hills CA	994		2004-09-09 00:00:00.000	2013-01-02 09:29:06.927
1005.00	Alpha Omega Biotechnology Woodbine, MD	995		2004-11-29 00:00:00.000	2013-01-02 09:29:06.927
1006.00	Bucknell University, Psychology Dptmt Lewisburg, PA	996		2004-12-08 00:00:00.000	2013-01-02 09:29:06.927
1007.00	USAMRID, Fort Detrick, Maryland	997		2004-12-16 00:00:00.000	2013-01-02 09:29:06.927
1008.00	Merck Research Labs, Rahway, NJ	998		2005-04-27 00:00:00.000	2013-01-02 09:29:06.927
1009.00	Chimp Haven	999		2005-04-01 00:00:00.000	2013-01-02 09:29:06.927
1010.00	SNBL USA Ltd.  6605 Merrill Creek Pkwy; Everett, Washington	1000		2006-07-10 00:00:00.000	2013-01-02 09:29:06.927
1011.00	University of Texas Health Sciences Center-SA at Texas Research Park (Barshop)	1001		2007-07-01 00:00:00.000	2013-01-02 09:29:06.927
1012.00	Yale University, New Haven Connecticut	1002		2009-01-01 00:00:00.000	2013-01-02 09:29:06.927
1013.00	Center for Disease Control, Hepatitis Labs,Phoenix,Az.	1003		1980-01-01 00:00:00.000	2013-01-02 09:29:06.927
1014.00	Harlan Laboratories,  Indianapolis, Indiana	1004		2011-11-14 00:00:00.000	2013-01-02 09:29:06.927
1015.00	SNBL-Alice TX 78332	1005		2013-01-01 00:00:00.000	2013-01-30 11:44:11.130
1016.00	The Research Institute at Nationwide Childrens Hospital 700 Childrens Drive  Columbus OH 43205 	1006		2013-08-23 00:00:00.000	2013-08-23 11:59:21.500
1017.00	PrimGen, Chicago, IL	1007		2013-01-01 00:00:00.000	2013-09-17 11:33:33.260
1018.00	Labs of Virginia, 95 Castle Hall Rd, Yemassee, South Carolina	1008		1990-01-01 00:00:00.000	2014-03-26 10:10:00.980
1019.00	University of Miami 12500 SW 152 St., Miami, Florida	1009		1990-01-01 00:00:00.000	2014-03-26 11:23:49.760
1020.00	U.S. Naval Medical Research Unit #3, Cairo, Egypt	1010		1990-01-01 00:00:00.000	2014-04-29 11:28:40.277
1021.00	Bowman-Grey School of Medicine, Winston Salem, North Carolina	1011		1960-01-01 00:00:00.000	2014-06-16 09:49:18.243
1980.00	Mono birth year	1012		1980-01-01 00:00:00.000	2013-01-02 09:29:06.927
1981.00	Mono birth year	1013		1981-01-01 00:00:00.000	2013-01-02 09:29:06.927
1982.00	Mono birth year	1014		1982-01-01 00:00:00.000	2013-01-02 09:29:06.927
1992.00	Mono birth year	1015		1992-01-01 00:00:00.000	2013-01-02 09:29:06.927
1994.00	Mono birth year	1016		1994-01-01 00:00:00.000	2013-01-02 09:29:06.927
1996.00	Mono birth year	1017		1996-01-01 00:00:00.000	2013-01-02 09:29:06.927
2007.00	Mono birth year	1018		2007-01-01 00:00:00.000	2013-01-02 09:29:06.927
2008.00	Mono birth year	1019		2008-01-01 00:00:00.000	2013-01-02 09:29:06.927
2009.00	Mono birth year	1020		2009-01-01 00:00:00.000	2013-01-02 09:29:06.927